experiment,type,level,noise_mode,drop_count,repeat_id,cls_acc,material_acc,soc_medae_raw,soc_medape_raw,soh_medae_raw,soh_medape_raw,soc_mae_raw,soh_mae_raw,soc_rmse_raw,soh_rmse_raw,n_test
missing_value,drop,0,none,0,0,0.91796875,0.97421875,1.872536377048192,4.780683487871569,2.1896912941823388,2.654376010893059,3.9239833498752454,4.1282587145148595,8.007415660479055,6.260904320975817,1280
missing_value,drop,1,none,1,0,0.453125,0.7234375,8.35924415247414,21.161721994146944,6.037409944309175,7.179222019388372,12.769000045978695,7.998663808149468,18.082207612214155,10.695325672532322,1280
missing_value,drop,1,none,1,1,0.4734375,0.7453125,9.226489608276285,21.893180844517893,5.841639315605157,6.921706229691624,12.725728887328122,7.876908845565085,17.54175245299548,10.550791904695735,1280
missing_value,drop,1,none,1,2,0.47421875,0.73203125,8.74692693813117,22.01298515722516,5.936905630232907,7.003312413432402,12.755606472063143,7.906765791975481,17.841818310560686,10.594698748503522,1280
missing_value,drop,1,none,1,3,0.4671875,0.721875,8.75159151284093,21.365202011324357,5.613545530392187,6.707902605405287,12.609104708913812,7.681417211809324,17.722659194546136,10.38773727671383,1280
missing_value,drop,1,none,1,4,0.4671875,0.7359375,8.47948654119119,20.598754735225487,5.763291967971391,6.811182549037765,12.550515051612575,7.926215905419565,17.76955287000837,10.590767465810877,1280
missing_value,drop,2,none,2,0,0.315625,0.6671875,12.203344614291133,30.91604747897879,6.950256147761834,8.197925819150102,15.764530562664948,8.92214313502431,20.480665840803578,11.502116341233787,1280
missing_value,drop,2,none,2,1,0.340625,0.6625,12.523889521387982,31.03870802173852,7.292046678505969,8.809908323175001,15.909923764468289,9.02723468045874,20.541106127813503,11.576070054752183,1280
missing_value,drop,2,none,2,2,0.33984375,0.659375,13.102446409893112,31.82739165599687,6.872724235859614,8.290003745528365,16.35496506737822,8.980795849193157,20.976240376012033,11.688027735895963,1280
missing_value,drop,2,none,2,3,0.3421875,0.67265625,11.937374682122709,30.50825774796692,7.466492463397103,8.614178649379625,15.404921810042065,9.038677080160907,20.19169273926407,11.521247704895096,1280
missing_value,drop,2,none,2,4,0.34140625,0.6703125,12.958487253891516,32.304579038096904,7.061995903094136,8.422893698095471,16.463048248765777,8.879451068504444,21.399222003231603,11.474212351424121,1280
missing_value,drop,3,none,3,0,0.27109375,0.63671875,14.3101174332931,35.97897850123015,7.86244239530852,9.28185089343898,17.623583317493875,9.316213139083024,22.179245765523344,11.73214288205397,1280
missing_value,drop,3,none,3,1,0.2734375,0.62578125,14.4785496856043,35.68186169405685,7.224478670194706,8.654659525046544,17.709533726824095,9.195967930482741,22.35499137442842,11.766873765099918,1280
missing_value,drop,3,none,3,2,0.278125,0.62890625,15.158734598049618,36.26067781075797,7.375261005009072,8.772197778514357,18.024449177596416,9.11049613069871,22.68215637621011,11.515740075762936,1280
missing_value,drop,3,none,3,3,0.2765625,0.62734375,14.687759130487226,36.13226292552855,8.039762394224184,9.455538535328298,17.7344702644506,9.453506014470886,22.258850335480528,11.848920038920356,1280
missing_value,drop,3,none,3,4,0.26171875,0.62734375,14.634086627511447,37.2345227713141,7.825636991457522,9.182741844386914,17.879744438266652,9.5649988467468,22.438650195985762,12.146494964236835,1280
missing_value,drop,4,none,4,0,0.2421875,0.61953125,16.345769626657024,39.26165807031299,7.577068580412437,8.795250725946214,18.962931359785813,9.505833039566815,23.12310661585481,11.995939992591769,1280
missing_value,drop,4,none,4,1,0.22578125,0.60859375,16.326811415672783,38.95464286985363,8.084753465956567,9.830094283715113,18.75065281196386,9.715723750012106,23.014956598973555,12.260248022977036,1280
missing_value,drop,4,none,4,2,0.2421875,0.61875,15.92415498978744,39.12547759706529,8.004509610688814,9.326065040503,18.548179891883702,9.823718794309254,23.140295049141468,12.330403259268278,1280
missing_value,drop,4,none,4,3,0.2203125,0.6046875,16.241295007065716,39.03511181005488,8.122638121540973,9.577990585078254,18.56403922903054,9.729283937020618,22.72546278945063,12.187927189382679,1280
missing_value,drop,4,none,4,4,0.2234375,0.603125,17.63727028080715,40.78090552627374,7.925802209994131,9.395800788372853,19.528146132186947,9.675344416454337,23.77807624938791,12.22701662559629,1280
missing_value,drop,5,none,5,0,0.1828125,0.58515625,17.28469723514848,41.606973615862486,8.392119223595643,9.936051464889172,19.528849489759768,9.904675650375413,23.63687361668485,12.324209285750893,1280
missing_value,drop,5,none,5,1,0.21640625,0.59765625,17.157316887639283,40.75844634648388,8.122211484582074,9.594852771999697,19.18815876404045,9.612204688680151,23.465145080538193,12.051297274009952,1280
missing_value,drop,5,none,5,2,0.21171875,0.59140625,17.75370702645358,41.384801570014275,8.314581259964633,9.996072694760345,19.89570668927941,9.826514615583667,24.095917520372772,12.184063043759041,1280
missing_value,drop,5,none,5,3,0.221875,0.6,17.368176844054222,42.02979716819199,7.909998427803345,9.245137787034757,19.591138661164894,9.565820937447803,23.661899306620068,12.088086425676124,1280
missing_value,drop,5,none,5,4,0.221875,0.596875,17.215666130086383,41.59413612660974,8.548332399668773,9.931508652456463,19.49770486312655,10.06331086252759,23.758698596519544,12.631793775572667,1280
missing_value,drop,6,none,6,0,0.20390625,0.58984375,18.08723710154581,42.807306425657224,8.429532955471437,9.88656663286519,20.309942900602596,10.024773498899092,24.408151160621365,12.600723060435389,1280
missing_value,drop,6,none,6,1,0.184375,0.58828125,17.955402834865527,43.51310425716474,8.794409859308253,10.236144494254898,20.298905488209147,10.305090582502164,24.397843711080192,12.84611419921141,1280
missing_value,drop,6,none,6,2,0.19453125,0.5859375,18.89030894312051,42.66541861830585,8.432756205434195,10.054165671743952,20.593828718979683,10.21548032276326,24.654686134021894,12.707187142324857,1280
missing_value,drop,6,none,6,3,0.2109375,0.59453125,17.827972584893253,41.608374829318485,8.482648006824995,9.599005851033871,19.921990451364376,9.922161883438227,24.06021178518095,12.340626864712991,1280
missing_value,drop,6,none,6,4,0.1953125,0.5921875,18.451373799605115,43.55359723870376,8.344693809234045,10.042059984162282,20.570445426734345,10.131732179391882,24.660196635300256,12.565348767044927,1280
missing_value,drop,7,none,7,0,0.20078125,0.5859375,18.233330955602373,44.39954995765582,8.226074627187764,9.845482398768127,20.323976728057744,9.832563435728776,24.28421176112777,12.358681216473647,1280
missing_value,drop,7,none,7,1,0.20078125,0.5828125,17.544400263478217,43.348488909473936,8.490988831173723,10.089262327545416,20.13076975243189,10.046587036349369,24.494206798162207,12.494042135751979,1280
missing_value,drop,7,none,7,2,0.1859375,0.57890625,18.370040328189408,43.185933116034576,8.300635418037878,9.811206226031668,20.20076631620879,9.877836578820384,24.149748110805223,12.416700047449178,1280
missing_value,drop,7,none,7,3,0.19609375,0.58203125,18.389774514185,43.79171903409268,8.963463534004887,10.462639986657528,20.490145815979197,10.435037223555645,24.647071954303684,13.017790827920974,1280
missing_value,drop,7,none,7,4,0.1921875,0.59140625,19.28910294323223,44.351526743771124,8.626305968722328,10.431907882322264,21.079033927235862,10.119223064053068,25.24742935571862,12.547004478472022,1280
missing_value,drop,8,none,8,0,0.1796875,0.578125,19.198481893967163,44.49165507928131,8.71815748128978,10.139437491886676,20.83776959675013,10.271408516129815,24.749211672347034,12.77502950564254,1280
missing_value,drop,8,none,8,1,0.1734375,0.5796875,19.54603099672164,44.740703925054625,8.340924931435161,9.966806081934376,21.1105633959875,10.065812314258736,25.1930709947612,12.600723052920536,1280
missing_value,drop,8,none,8,2,0.178125,0.5796875,18.901583791233193,44.52163065547943,8.54953611828789,10.110066516146958,20.629786803198915,10.17271421927042,24.79149096319318,12.571376067972226,1280
missing_value,drop,8,none,8,3,0.19375,0.59453125,19.16965833076872,44.995631007654254,8.920739519244535,10.52983531710699,20.95991338810479,10.487962029550655,24.815911153835522,12.989972810610032,1280
missing_value,drop,8,none,8,4,0.178125,0.58359375,19.313176902731705,43.69081786144962,8.908498439397327,10.580184513318896,20.78638548433212,10.188891737749127,24.75550584495368,12.596009200096292,1280
missing_value,drop,9,none,9,0,0.1828125,0.571875,18.938058678595564,45.38061761689288,9.305972176776578,10.738768562335697,21.029684812450157,10.558879908488937,25.070386574385612,13.063231506534368,1280
missing_value,drop,9,none,9,1,0.16796875,0.57421875,20.024098085074748,46.06219207545665,9.309745717382896,10.926141742082393,21.15975296734397,10.755512946868413,25.245933026619056,13.243176555485983,1280
missing_value,drop,9,none,9,2,0.17421875,0.571875,19.723392308355972,44.42810164470022,8.738252713020998,10.288262324644332,21.179943603296273,10.295484956959474,25.248752387911704,12.717803100110853,1280
missing_value,drop,9,none,9,3,0.1734375,0.578125,19.488395475548742,45.083931165513725,9.560562256076004,11.310766937441695,21.15201593797565,10.813326950893233,25.27217914378954,13.281111387955034,1280
missing_value,drop,9,none,9,4,0.1671875,0.57265625,20.05881030470488,45.761378640185555,8.483449930335865,10.078804442301196,21.298087615929404,10.179077403052565,25.27719299653162,12.69582033248483,1280
missing_value,drop,10,none,10,0,0.16328125,0.58046875,19.92641525702344,45.981528564127984,9.128883790418875,10.948329914227687,21.1500203055984,10.560106477113132,25.170604846982332,13.019706469326088,1280
missing_value,drop,10,none,10,1,0.17265625,0.57421875,20.13807613968128,45.60429179512926,8.847468758555316,10.253900078289643,21.414674590019253,10.433880401738415,25.372396162937992,13.017091938615332,1280
missing_value,drop,10,none,10,2,0.17578125,0.56953125,19.9295749450384,44.981390705996006,8.791278079738042,10.605117270488215,21.211155589000356,10.461601256810589,25.241753840208272,12.936073455295116,1280
missing_value,drop,10,none,10,3,0.16875,0.5703125,19.560539681941005,45.36811776237424,9.422316960409347,11.202345199461181,21.348914178662653,10.632033966921307,25.498837662138804,13.221820133817067,1280
missing_value,drop,10,none,10,4,0.1640625,0.565625,20.095628486508378,45.885498714057135,9.169917051363697,10.94999934356795,21.53871645994684,10.577926511394862,25.622795526051505,12.947078982562772,1280
missing_value,drop,20,none,20,0,0.1671875,0.57265625,20.515734996027994,46.67233063822662,9.629437040971453,11.47336992498202,22.178843477026213,11.033373814813947,26.302017639700864,13.51514439082533,1280
missing_value,drop,20,none,20,1,0.16171875,0.57421875,21.42491037471999,46.9440087817911,9.304102529889633,11.110998521973592,22.538771988839287,10.934988361816783,26.551992121317188,13.554467115589743,1280
missing_value,drop,20,none,20,2,0.15625,0.56953125,20.85181556777117,47.25547118842705,9.120603874612243,10.857861744736681,22.332840411842174,10.770509815639556,26.335043619696247,13.324796211414174,1280
missing_value,drop,20,none,20,3,0.1671875,0.57734375,21.12215237993089,47.73846523214373,9.266807411898135,10.98263444295571,22.341606249735214,10.73342455607962,26.3614948260304,13.18991201733207,1280
missing_value,drop,20,none,20,4,0.16875,0.578125,20.86206604763229,46.84270007606122,9.85900383681389,11.804319152636815,22.072257977354532,11.085449849989107,25.98054943196461,13.553279709788262,1280
