stage,epoch,train_loss,train_cls_acc,train_soc_rmse,train_soc_mae,train_soc_mape,train_soh_rmse,train_soh_mae,train_soh_mape,test_loss,test_cls_acc,test_soc_rmse,test_soc_mae,test_soc_mape,test_soh_rmse,test_soh_mae,test_soh_mape,test_soc_rmse_raw,test_soc_mae_raw,test_soc_mape_raw,test_soh_rmse_raw,test_soh_mae_raw,test_soh_mape_raw,test_score,best_score_so_far
stage2_soh,0,0.7941666518415624,0.9687706325102338,0.2432585998895264,0.15089330453402033,299.15318120201005,0.7859737048020647,0.5871735663664456,1361.4405430088564,0.8908568769693375,0.91015625,0.4913469320330084,0.29302952240686864,158.65193971563036,0.689649834539703,0.49600384777113504,335.6098611917317,10.933973800749254,6.520804138688417,16.328193944468236,0.07344946979082655,0.05282567738191213,6.860742685500262,-0.689649834539703,-0.689649834539703
stage2_soh,1,0.32671346528305334,0.9690677406575994,0.24254127878014267,0.1506256321488765,303.6346624451733,0.5961383381249037,0.4232327622184022,2036.491706454882,0.8918912261724472,0.91015625,0.4946891131159889,0.2964526947289414,156.7263434697981,0.6263170857919853,0.45093415135124815,537.1229990044361,11.008347521671672,6.596980197897135,16.87217826531055,0.06670437036893216,0.04802563960362698,6.19080579376142,-0.6263170857919853,-0.6263170857919853
stage2_soh,2,0.20954094474568763,0.9691007526739733,0.24188121501813586,0.14981686186777626,297.3099893634334,0.5453816514984912,0.38168049655819286,1742.6401178833469,1.0213218331336975,0.91015625,0.4964903002261416,0.2963042645569658,158.60187463917492,0.644591679323415,0.45593373966403306,415.0469135306115,11.048429400078595,6.593677164981125,16.584975160273487,0.06865066107363763,0.04855810843154684,6.299706362797272,-0.644591679323415,-0.6263170857919853
stage2_soh,3,0.1735829590932548,0.9690017166248515,0.24235405253422576,0.15020855113268847,299.6542081180971,0.5228530087649398,0.364786411869054,1836.2535664039942,0.7568782269954681,0.91015625,0.4901253620619242,0.2940055645085522,158.8467673325733,0.5496106891173768,0.39711934846855,471.1578930871165,10.906789962533047,6.542524037387406,16.70438865404936,0.058534942768884796,0.04229422544978072,5.31164465361197,-0.5496106891173768,-0.5496106891173768
stage2_soh,4,0.1144585384551087,0.9688366565429817,0.2424078608880967,0.15018262466331891,299.6481659451341,0.499829075864737,0.34686898504159486,1849.7544365508966,1.0406701415777206,0.91015625,0.4945869537544914,0.2964800891604682,159.98274965599975,0.6390991435218901,0.4508507838781952,276.85620783815796,11.006074178015435,6.5975898005929094,16.48473681843327,0.0680656915801194,0.04801676043210745,6.182803662347751,-0.6390991435218901,-0.5496106891173768
stage2_soh,5,0.06860751315811643,0.9691007526739733,0.24335839262428224,0.15093155925038665,299.9470801766978,0.4869683329411717,0.3361117135007542,1907.9013253676344,0.8096719682216644,0.91015625,0.4934088848862907,0.2974019424364087,169.98933774845275,0.5330284310127997,0.37164582480181707,470.3319367412635,10.979858448814035,6.618103845798711,16.743583941674707,0.05676888991863542,0.03958123004366706,4.9750421407244545,-0.5330284310127997,-0.5330284310127997
stage2_soh,6,0.04080323039182785,0.9689687046084775,0.24388506378367006,0.1504281212752947,300.411014278676,0.47362858102278105,0.32543622311845394,2048.7096056766136,0.8030774891376495,0.91015625,0.4918369057349951,0.29494889172929106,166.66495826395237,0.5465803126630358,0.37875181605340913,456.68073321888653,10.944877177946655,6.563515975615024,16.631681652789894,0.05821220013874611,0.04033803637597433,5.086296128374938,-0.5465803126630358,-0.5330284310127997
stage2_soh,7,0.01984537983954909,0.9694968968704608,0.24145861204118893,0.14965689236865876,294.4720244278474,0.46381763553234745,0.31914537766156725,1979.7284821742373,0.9170912355184555,0.91015625,0.49237991724890073,0.2956135348867974,164.01925197929464,0.5574753005599518,0.38107316329478635,329.18131444073896,10.95696083196747,6.5783063222684355,16.47105161872227,0.059372543954792315,0.040585265684582726,5.045391139703657,-0.5574753005599518,-0.5330284310127997
stage2_soh,8,-0.014525303585514097,0.9694638848540869,0.2435420588834425,0.15106956651195108,304.00311679441415,0.45345015120305077,0.31119613220214093,1762.9616710099895,1.0758880227804184,0.91015625,0.49988509076218707,0.29931252120877616,161.46866481558763,0.5782395190570634,0.3970275872743514,276.75486977084364,11.123973876822081,6.660620082140176,16.94910582538773,0.06158398627340624,0.04228445262421047,5.375948634229583,-0.5782395190570634,-0.5330284310127997
stage2_soh,9,-0.024623981386395564,0.9682754522646243,0.2424896813920229,0.15068296746026896,294.6746457013877,0.4493830594665538,0.30718569695128606,1884.9534239183172,1.2707545161247253,0.91015625,0.49635781007814633,0.2972966302513669,163.79523979691962,0.5909010572403657,0.41031196153016936,248.9465203113342,11.045481107461242,6.615760326897142,16.80147603598693,0.06293247288253936,0.043699272556530236,5.5629310721315095,-0.5909010572403657,-0.5330284310127997
stage2_soh,10,-0.04420140156787783,0.9689026805757296,0.24284166278859953,0.15060801930181023,298.1180690216189,0.44259429278504003,0.30347913671090915,1890.6658206710465,1.008229747414589,0.91015625,0.49101143943426645,0.2951045076374612,152.2242873854683,0.5614551982754825,0.3756746006947651,383.76339986244244,10.926507953571583,6.566978890202529,16.67879211890395,0.05979641309125232,0.040010304887244316,5.08242618869339,-0.5614551982754825,-0.5330284310127997
stage2_soh,11,-0.06082407042834744,0.9686715964611119,0.2423040891653243,0.15024742791747064,295.38997261173097,0.4382246589644287,0.2988682992280252,1837.5015357143475,1.1996966004371643,0.91015625,0.49673687664988153,0.2969847410931834,152.55800490939419,0.5682272388295262,0.38529423969066556,180.2393620008844,11.053916518336484,6.6088198542895515,16.68114619882946,0.060517653434897956,0.04103482135035934,5.248401985524141,-0.5682272388295262,-0.5330284310127997
stage2_soh,12,-0.07206916365962858,0.9689687046084775,0.24329510561932602,0.15104393126812213,300.33664043239764,0.4348279632203138,0.2949108874141394,1929.6456216726408,1.2558157742023468,0.91015625,0.49501886277541574,0.29643620931892656,154.22612553352218,0.5736977737427953,0.387081252050848,272.921018176696,11.015685408797827,6.596613323893353,16.671879437671173,0.06110027894665492,0.041225142512773316,5.249276863168113,-0.5736977737427953,-0.5330284310127997
stage2_soh,13,-0.10052335223584687,0.9681103921827545,0.2432182150560609,0.1512137339539579,298.67198853462224,0.4269366076245327,0.28913732660542885,1761.212827882245,1.5322908461093903,0.91015625,0.49562122638665523,0.29734096696120105,154.45771097718364,0.5962239375967534,0.4097542014596911,179.60803498956693,11.029089841971516,6.616746964061251,16.77850847695604,0.06349937288447546,0.04363986957490536,5.589449341009835,-0.5962239375967534,-0.5330284310127997
stage2_soh,14,-0.1179942378972774,0.9686715964611119,0.24204061307064748,0.1501078905478264,303.6233619789467,0.4244397241783466,0.2871424044053458,1756.9227932557953,1.2454402148723602,0.91015625,0.4994628680211282,0.30027323953981977,159.7615910556141,0.571922265014992,0.38481066385429585,243.15983186447863,11.114578183514656,6.681999028150262,16.941450053612837,0.06091118270987207,0.04098331906775536,5.211568934298018,-0.571922265014992,-0.5330284310127997
stage2_soh,15,-0.12716532668899894,0.9687376204938598,0.2431836146415361,0.15084119066502566,299.00178649304604,0.417992005034099,0.2821696901775998,1941.1994048223632,1.143505871295929,0.91015625,0.4945790518670931,0.2959794837188383,161.82714773465483,0.567299394872902,0.37334649069816805,341.962283725612,11.00589827676304,6.58644978474717,16.591220155854067,0.06041883523254842,0.03976235531741197,5.020475391263049,-0.567299394872902,-0.5330284310127997
stage2_soh,16,-0.13824070226777407,0.968539548395616,0.24260916491838097,0.15035959370499463,302.0864878841251,0.41734649647774,0.28147624830466816,1784.080478423794,1.2254937291145325,0.91015625,0.4940927052719229,0.29594024480320513,158.09371072053324,0.5763306819173979,0.3886031815163733,242.26211393573715,10.995075586345228,6.585576610101106,16.660355961955638,0.06138069036739745,0.04138723189817322,5.236371376662101,-0.5763306819173979,-0.5330284310127997
stage2_soh,17,-0.1545305950145307,0.968506536379242,0.2427689912152196,0.15044423911572202,300.6851192846238,0.4118011098563424,0.27688056057503885,1786.6002150288193,1.3054943978786469,0.91015625,0.4936817161609387,0.2946458928636275,158.22480879140127,0.5715467401712663,0.38282694904046366,262.401193216325,10.985929737406549,6.5567732956427305,16.627512897972274,0.06087118838860768,0.040772048392630024,5.176069423372105,-0.5715467401712663,-0.5330284310127997
stage2_soh,18,-0.1664337931599561,0.9682424402482503,0.242319723750754,0.15032625118350823,300.53679532531606,0.40968045768320693,0.2758775973774564,1891.883224647999,1.3896215856075287,0.91015625,0.4932596196564284,0.29644192705018213,169.28239576676935,0.5627926003267609,0.383391831103836,217.45315595589835,10.976536826343791,6.5967405646451756,16.54264836660126,0.059938850316583525,0.040832209837321214,5.180448241586115,-0.5627926003267609,-0.5330284310127997
stage2_soh,19,-0.1850313712470996,0.9687046084774859,0.24310260314534998,0.1504068344123536,297.88736687206534,0.4043996024751161,0.2725160998551692,1692.3403626455545,1.1872665286064148,0.91015625,0.497386025184947,0.29862572574347723,154.34560411992408,0.5755648690040834,0.37842385495241615,232.87420308097938,11.06836209002985,6.645336794170573,16.726549094801868,0.06129912911945017,0.04030310749086344,5.0634843006059675,-0.5755648690040834,-0.5330284310127997
stage2_soh,20,-0.2077393241804184,0.9682424402482503,0.24330578862411487,0.15076106548725982,299.7800084420493,0.40089144186558334,0.2678679481420381,1738.9914783102204,1.4493304193019867,0.91015625,0.4965737399269888,0.30018895404646173,168.05778325765718,0.5591886932569956,0.36978929847464315,189.46059754536248,11.05028620211419,6.6801233937404465,16.810315506369495,0.0595550248108626,0.03938350528987063,4.953260541039796,-0.5591886932569956,-0.5330284310127997
stage2_soh,21,-0.18817078780245627,0.9679783441172587,0.24360225688954792,0.15106990509797474,299.91606159921577,0.40334061169896857,0.27004043089864027,1731.1445081007384,1.1615337133407593,0.91015625,0.4947962270388106,0.2954662669762911,158.68082443690136,0.5640327375063282,0.372498920201906,244.5702380404884,11.010731117181816,6.575029148958464,16.526154940768382,0.06007092782906995,0.039672086891428274,5.001060958523606,-0.5640327375063282,-0.5330284310127997
stage2_soh,22,-0.2203818335519211,0.9688696685593556,0.24255592945927182,0.15081924545623793,303.5046276595535,0.3978168626734703,0.26588508920960136,1692.0322877947938,1.4041185975074768,0.91015625,0.49179078378449714,0.29546143266998115,160.3751578953162,0.5635609050666041,0.37941512088582385,241.98020687897593,10.94385077267818,6.5749215711240145,16.522029980131308,0.06002067663275437,0.04040868001931106,5.1202344496278105,-0.5635609050666041,-0.5330284310127997
stage2_soh,23,-0.23123933077960415,0.9686385844447379,0.24230649296567572,0.15060115726788872,298.2006264387379,0.3941819016702867,0.2639093296404679,1740.714359583734,1.4433121383190155,0.91015625,0.49889076069216765,0.30112354688026244,170.52598251455697,0.5612145329025747,0.3735042968482958,193.04074418264923,11.10184702238625,6.700920954610378,16.93762332910366,0.05977078181022007,0.03977916207920007,5.027966330984856,-0.5612145329025747,-0.5330284310127997
stage2_soh,24,-0.2430513574305573,0.9692658127558431,0.2422507788543171,0.1501098449212394,301.08555263669456,0.3920669152473732,0.26138569277275375,1742.6106060878321,1.3309508860111237,0.91015625,0.492862815524598,0.29416088002426477,156.25952778542157,0.5572348143474812,0.37000964516209933,229.86590859133287,10.967706774077318,6.545980293228917,16.601009929830223,0.059346931599648066,0.03940697272975263,4.977422733175986,-0.5572348143474812,-0.5330284310127997
stage2_soh,25,-0.23702197305382944,0.9691997887230952,0.2422248591758259,0.15028136425348343,297.41405397152204,0.39360483800967067,0.2617271564113869,1736.8335663522157,1.5486033260822296,0.91015625,0.4980412059802477,0.2978679047373589,152.28173065559784,0.5561533762589018,0.37537038867412775,229.96315910845254,11.08294182866655,6.628472946073332,16.681537516383514,0.05923175572294567,0.03997790564605955,5.046917068276836,-0.5561533762589018,-0.5330284310127997
stage2_soh,26,-0.2446032046059644,0.9691337646903473,0.24319374797364657,0.15062669551163685,296.63768955432,0.38892519858807356,0.25951835758720054,1632.5538732589443,1.4423653483390808,0.91015625,0.4890946335271931,0.2947168415557826,149.5764658314205,0.5535021975048345,0.37063893236972945,208.877794926157,10.883853140034867,6.5583521329421615,16.420898622177894,0.05894939844977994,0.03947399345626032,4.989543673053893,-0.5535021975048345,-0.5330284310127997
stage2_soh,27,-0.2614141236117537,0.9686715964611119,0.2432635741199009,0.15046700282890837,298.78550227656706,0.3885996416584739,0.25849105653679666,1620.7000475001191,1.4227071702480316,0.91015625,0.4933884304406124,0.2944616822132957,162.33319575054105,0.5597094061158249,0.37128813770323177,291.51240892156255,10.97940339620354,6.55267408288098,16.5327898382987,0.059610482075128354,0.03954313550758769,4.964554574752187,-0.5597094061158249,-0.5330284310127997
stage2_soh,28,-0.27029623566019506,0.9684405123464941,0.24455321123415272,0.1510671392863718,297.11443914348007,0.3850003145799546,0.256587018551499,1863.4328056610186,1.4005135297775269,0.91015625,0.4971389720345838,0.29778728178644087,179.16759080008327,0.5518829146027937,0.3590491865252261,260.2621369896331,11.062864233445985,6.626678820944058,16.732048233474572,0.05877694064403826,0.0382396559316895,4.79801734407366,-0.5518829146027937,-0.5330284310127997
stage2_soh,29,-0.28470011247514054,0.9691667767067212,0.24235447378594313,0.1503822909324422,301.38199213300345,0.3848001334793866,0.2552257655796882,1749.4641145013827,1.6317613124847412,0.91015625,0.4941664571757952,0.2946576137765078,169.37607833680093,0.5797033415805336,0.3903870175345219,194.0870891120213,10.99671681670239,6.55703413698196,16.581359423020512,0.06173988724787585,0.0415772149899858,5.287485504419747,-0.5797033415805336,-0.5330284310127997
stage2_soh,30,-0.28430306565552205,0.9692328007394692,0.24354287791895923,0.15066288982060042,298.05991982293284,0.38693179319363896,0.255321713624453,1857.1852778277457,1.5879080295562744,0.91015625,0.4969526422912436,0.29941226372056917,155.13195372061998,0.5709747287907075,0.37923163402410864,218.3066325986341,11.058717983291238,6.662839659031128,17.042179534159114,0.060810267223768345,0.04038913794747097,5.104632634203374,-0.5709747287907075,-0.5330284310127997
stage2_soh,31,-0.30141413743093276,0.9684075003301201,0.24213258788280706,0.15041494290883067,300.5561485868052,0.38347838965960296,0.25386718469108044,1772.7095632313344,1.383516639471054,0.91015625,0.4903533399083847,0.2936089676368283,160.83471165536005,0.5355331652741302,0.3464512617865694,304.72548066935053,10.911863307456187,6.533698555524339,16.750504464839594,0.057035650533549614,0.03689794473241847,4.639696803326636,-0.5355331652741302,-0.5330284310127997
stage2_soh,32,-0.3066763233338828,0.9691007526739733,0.2431380459730228,0.1508298308101443,301.5306611301984,0.38396048467150035,0.25336550177208955,1701.8545091575145,1.580214262008667,0.91015625,0.4921035302173118,0.29156011362647405,169.57862011917874,0.589420187286476,0.3871817629751604,194.19651650092916,10.950810340520869,6.488105271098259,16.451009328221744,0.0627747563283554,0.04123584723472561,5.2136111789481525,-0.589420187286476,-0.5330284310127997
stage2_soh,33,-0.3152298238347327,0.9683414762973722,0.24369251658873986,0.15124442098313856,297.28792307470053,0.3798472493044253,0.25045969828635045,1821.284688927349,1.4634303152561188,0.91015625,0.4928283415300812,0.29397722721842,156.8000570516983,0.5546271319129067,0.369164309297048,247.6541216195613,10.966939643701073,6.541893462733265,16.5568894157329,0.059069206596266646,0.03931694222953617,4.946608152128971,-0.5546271319129067,-0.5330284310127997
stage2_soh,34,-0.3230182801726377,0.9688036445266077,0.2423007892347427,0.15005165011209784,299.8088210196749,0.37871357367500363,0.2499414013131332,1794.8497492824074,1.6097098588943481,0.91015625,0.4892894319118029,0.2965830949942756,162.07964041220188,0.5830735663855412,0.3911854423558907,182.57998560782246,10.888188102179143,6.599881999922522,16.89120758045761,0.062098824815056276,0.04166224926164538,5.2857769606041005,-0.5830735663855412,-0.5330284310127997
stage2_soh,35,-0.3340693833088758,0.9683414762973722,0.24222063105129257,0.15012722536581463,296.7957484158428,0.3750887002336014,0.247271271053429,1656.7171535793047,1.797548621892929,0.91015625,0.49128807594046653,0.2961499036064197,171.45395798338959,0.5809330978805932,0.3943885205062543,245.80484048052932,10.93266399065604,6.590242166691102,16.589080139282753,0.06187085903532212,0.04200338517275015,5.305742098892986,-0.5809330978805932,-0.5330284310127997
stage2_soh,36,-0.32988271433341093,0.9688696685593556,0.24275627188703522,0.15044418040147844,297.031739666054,0.3743791695624961,0.24737590944705792,1656.911331787698,1.3912669718265533,0.91015625,0.4939055577495622,0.2950729684998805,154.67678630576737,0.5585264187550132,0.3655880793412507,221.76747820010522,10.990910933146596,6.5662770489433875,16.88741061986373,0.059484490583435634,0.03893606461573524,4.907264885993367,-0.5585264187550132,-0.5330284310127997
stage2_soh,37,-0.35689418162094405,0.9688036445266077,0.24241664442081962,0.15026640293060986,297.9649329479616,0.3763323122001895,0.24748331746674013,1769.387261707881,1.8396888375282288,0.91015625,0.493257504422589,0.29778661846285104,159.08689498175687,0.6110695354940963,0.410280189173136,253.57348114398897,10.976489862562245,6.626664089754989,16.739931230318323,0.06508046705537633,0.043695888601133076,5.517898269840452,-0.6110695354940963,-0.5330284310127997
stage2_soh,38,-0.3549975453390559,0.9691337646903473,0.24274385091850612,0.15049119709947137,300.32043150776866,0.3719005866856381,0.24397010086853832,1904.3574741492641,1.5396648347377777,0.91015625,0.49488702726900663,0.2958376910974039,154.78094018942775,0.5532648270091355,0.3604826300752393,247.46903378006272,11.012751699556146,6.5832944811520715,16.627370381799,0.05892411793057269,0.038392321301995394,4.844502435199166,-0.5532648270091355,-0.5330284310127997
stage2_soh,39,-0.3548208221677082,0.9684405123464941,0.24323185636757422,0.15110377925781393,299.22216704137844,0.3754061420256397,0.24666883412873214,1726.3114503184418,1.557955801486969,0.91015625,0.4908005268931156,0.2948591969543486,161.69159581712168,0.5652902661258017,0.36725642197507113,196.75650335453815,10.921814485404765,6.561519982132426,16.796574695502027,0.060204857853659664,0.039113747479945296,4.946936044878121,-0.5652902661258017,-0.5330284310127997
stage2_soh,40,-0.3598106394753216,0.9692988247722171,0.2425757980099128,0.15034283993308967,300.0699600931926,0.3716964207980207,0.24373437866222872,1623.5382237489905,1.5264338552951813,0.91015625,0.4885430592428996,0.2917565346756419,149.8871091077076,0.5565608549994102,0.36741264864394907,241.21533152328416,10.871578902615969,6.4924762366536815,16.343442270972318,0.059275153381320195,0.03913038604306705,4.941578905362098,-0.5565608549994102,-0.5330284310127997
stage2_soh,41,-0.3699500138656035,0.9694638848540869,0.24282882054304347,0.1502260858317003,301.01336510596354,0.3732520140017438,0.2449885147929352,1576.6482388567108,1.4881752729415894,0.91015625,0.49516465213106853,0.2958173727020039,159.2574648189679,0.5667003527731374,0.3748446408799282,262.17035722360293,11.018929788109466,6.582842348281642,16.722827324986106,0.06035503568207579,0.03992191216363543,5.030182926651857,-0.5667003527731374,-0.5330284310127997
stage2_soh,42,-0.38395898651332155,0.9686385844447379,0.24288703019180202,0.15029515549928518,298.9411502524616,0.3676354912785251,0.24118108519651626,1770.783215957165,1.8246234953403473,0.91015625,0.4932195370393305,0.2952137721076724,146.4786043749098,0.5871006768017668,0.39524968818659545,304.60313021461667,10.975644795927318,6.569410338087308,16.60102958410331,0.06252772244036559,0.04209510189981806,5.3414116260474165,-0.5871006768017668,-0.5330284310127997
stage2_soh,43,-0.38071013609862114,0.9692328007394692,0.24261258535087274,0.15025009588910535,295.8678736098427,0.3716096724346234,0.24198727267904685,1676.6598574511797,1.7109118700027466,0.91015625,0.4958542468843152,0.2982545695922454,152.96521778215512,0.5824527856570784,0.39030908514541807,299.7509383765115,11.03427527177751,6.63707742336653,16.781427246487933,0.06203271012335695,0.041568915036600006,5.271045880200447,-0.5824527856570784,-0.5330284310127997
stage2_soh,44,-0.4060165342575616,0.9682754522646243,0.24262210320906294,0.15041458501833962,300.6419115844639,0.36651053549688456,0.23963461413452072,1636.1148261281207,2.0863733887672424,0.91015625,0.496564521693825,0.29869524939022085,178.18983311892922,0.620821481495109,0.42656582172276103,285.9523185965315,11.050081111092693,6.646883906387219,17.08673766643882,0.06611907404798487,0.04543035004061493,5.777786884725786,-0.620821481495109,-0.5330284310127997
stage2_soh,45,-0.39737786006521364,0.9688036445266077,0.24260473552401443,0.15045659348048776,303.10508901203684,0.36888299934646607,0.24064518962669482,1693.331739695739,1.662564992904663,0.91015625,0.4987049104861896,0.2978679852167261,155.76944503563496,0.5967414827284294,0.3931013863730186,245.7713856275746,11.097711220944918,6.628474714965597,16.827377147294172,0.0635544929365857,0.04186630223233651,5.27222910639047,-0.5967414827284294,-0.5330284310127997
stage2_soh,46,-0.40191897805782634,0.9689356925921035,0.24193105858266697,0.1502075774031773,300.1770071420523,0.3676487058053998,0.2404798477244833,1545.4040642262396,1.6352338790893555,0.91015625,0.4940507261341316,0.2964098551819916,166.39402481478612,0.5467459561081509,0.36415081744780764,193.86151355762559,10.994141399730392,6.596026873892476,16.798758033599242,0.05822984149629826,0.03878299266446594,4.8713873657364095,-0.5467459561081509,-0.5330284310127997
stage2_soh,47,-0.4158957790867208,0.9689026805757296,0.24284634694578106,0.1504757506989012,299.3599625883115,0.36382308565899246,0.23807541473155477,1641.1205681764657,1.6003658771514893,0.91015625,0.49150778532149797,0.29256074221484596,153.10813793898143,0.5545874028308704,0.36641278533170407,182.63809209347076,10.93755321824771,6.510372338792858,16.339436462361558,0.059064975590189694,0.03902389802149165,4.880903228693694,-0.5545874028308704,-0.5330284310127997
stage2_soh,48,-0.4120051821180462,0.968539548395616,0.24224984597214477,0.15051557361472348,298.7412736209537,0.36664980322632157,0.24010137666842193,1531.327157843647,1.7567907869815826,0.91015625,0.49055564967216214,0.2912566160175629,150.11288133410793,0.564731195482791,0.3741601174651805,222.74165469220816,10.916365323033132,6.481351542713927,16.38397416680986,0.060145315413095084,0.03984900867904921,5.007995004593221,-0.564731195482791,-0.5330284310127997
stage2_soh,49,-0.421503985402733,0.9690677406575994,0.24232405679517494,0.1501717595304818,300.211514474141,0.36457240798182927,0.23871660801109737,1777.032293357005,1.8343239426612854,0.91015625,0.49348597017866935,0.2956957056740066,165.05786813266187,0.5538644636560066,0.37394820016561425,225.83964336568334,10.981573784347635,6.58013484045172,16.555079784494435,0.05898798045762203,0.03982643881866013,4.995277239981122,-0.5538644636560066,-0.5330284310127997
stage2_soh,50,-0.42197191354763425,0.9691337646903473,0.242026232366921,0.15005266517591975,298.2507115114033,0.3643143248535349,0.23679120213877844,1565.4149249561908,1.6202464401721954,0.91015625,0.4945655354889883,0.2958562910139335,161.1704909477211,0.5637801205660927,0.3762456459389796,259.0528997667785,11.005597466465959,6.583708374882633,16.679486013263933,0.060044023757364264,0.04007112288906798,5.07202262936527,-0.5637801205660927,-0.5330284310127997
stage2_soh,51,-0.4424708690713202,0.9692658127558431,0.24357332700839018,0.15094979394675034,302.714310876204,0.3618027377257091,0.23511312515578772,1600.953507758782,1.6335568726062775,0.91015625,0.49414565947655753,0.29361349353712285,160.22344360386504,0.5499499393338758,0.3687679672257218,243.90741002352237,10.996253989159364,6.533799270744925,16.36855151565361,0.05857107398398278,0.039274730951366736,4.948515453215378,-0.5499499393338758,-0.5330284310127997
stage2_soh,52,-0.44377291503992133,0.9690347286412254,0.2419714808389278,0.15017547946127896,301.20035390723456,0.3623830299714711,0.23541829043563167,1682.1281595660444,1.8250001668930054,0.91015625,0.49413213962002817,0.2936964983564394,160.17059640699637,0.5680340686807116,0.3831678580863809,260.15772176210703,10.9959531568098,6.5356463867457615,16.78584529014231,0.060497080017056774,0.04080835612451611,5.171767870547471,-0.5680340686807116,-0.5330284310127997
stage2_soh,53,-0.44893689684015936,0.9689356925921035,0.24213980819408207,0.1498699317732746,297.8130629518033,0.3610387208201238,0.23442583753260424,1761.458496696293,1.7751196026802063,0.91015625,0.4951655026530539,0.29675655598475714,170.35950429235277,0.5697152179548907,0.38242717709181306,244.74804531116118,11.018948632527609,6.603742034972666,16.64886783633163,0.06067612636731814,0.04072947156272487,5.108053942425765,-0.5697152179548907,-0.5330284310127997
stage2_soh,54,-0.45300300546638816,0.9688036445266077,0.24228881535952204,0.15018692912198023,304.47220079617574,0.3588780880770133,0.2341623377133575,1559.3382641530925,1.7822435200214386,0.91015625,0.49814162379880034,0.2980750852948404,172.6451033826294,0.5697728999152902,0.3772613020883,281.94055212663176,11.085176412346259,6.6330833434415295,16.670877228636545,0.060682269646668896,0.04017929267036769,5.049982081922488,-0.5697728999152902,-0.5330284310127997
stage2_soh,55,-0.469891099189651,0.9686055724283639,0.24361769500457497,0.15103112159834414,297.85201638564314,0.3576945090516051,0.23314978665856773,1695.72011933462,1.7667149901390076,0.91015625,0.49375191389315054,0.29660388121919823,157.55577749690013,0.5696081559052056,0.378903838856786,245.187272340913,10.987491924964422,6.600344547176524,16.941513424452097,0.06066472413338547,0.04035422709958067,5.051565352405342,-0.5696081559052056,-0.5330284310127997
stage2_soh,56,-0.47248681378965884,0.9691997887230952,0.24198946523596704,0.15011881846536965,297.3907426818027,0.35878824329828274,0.23280469965674602,1677.5958642403552,1.9752238988876343,0.91015625,0.49072463112402903,0.29358168529506656,161.41246540310453,0.5794137400105815,0.39184147152263904,311.9600018415977,10.920125597104258,6.533091435936382,16.419048599327986,0.061709043696694596,0.04173211796480311,5.275178160504315,-0.5794137400105815,-0.5330284310127997
stage2_soh,57,-0.4699380264467345,0.9686385844447379,0.24222634931966325,0.1503813404118696,297.11590824665757,0.3589175910010629,0.23357428278846334,1663.0164613577526,1.9689700901508331,0.91015625,0.49605059675967056,0.2964088922017254,162.35166010981126,0.5944866887985978,0.4010783506828375,266.10110907731854,11.038644714915693,6.596005460257497,16.793572851193886,0.06331435136970048,0.042715869215416834,5.3953039558437235,-0.5944866887985978,-0.5330284310127997
stage2_soh,58,-0.4880800032480286,0.9686385844447379,0.2424304548355907,0.1509472232916838,303.7667438021266,0.3541922298396286,0.23066983718659495,1699.2620884136336,1.8116536438465118,0.91015625,0.49287336516795843,0.2924776551735704,154.13955588875123,0.5621886102096043,0.37631719916316797,345.96574648757183,10.967941653626706,6.508523408786932,16.332661014137944,0.059874523558705595,0.040078743380794105,5.046320249976088,-0.5621886102096043,-0.5330284310127997
stage2_soh,59,-0.4742654960174062,0.9691997887230952,0.24245773335682597,0.1504794618338467,305.77095889191924,0.3579447716927961,0.23189491862396427,1613.9717072496896,1.7894738912582397,0.91015625,0.49399244360753014,0.2962293190867058,161.42458182858869,0.5618074697143127,0.3665869211581594,327.25478599825084,10.992844482251895,6.592009405528218,16.66970878242397,0.059833930905168815,0.03904244378198901,4.917692473504588,-0.5618074697143127,-0.5330284310127997
stage2_soh,60,-0.4998316467123146,0.9686715964611119,0.24265304266046928,0.15059904294612622,301.6489424764953,0.35626729873517293,0.2301229971616444,1591.5643576112022,1.8104761242866516,0.91015625,0.49273036352828253,0.2940342297551979,159.99457868589414,0.5552052310966203,0.3657955799053525,229.6591845923233,10.964759323578612,6.543161939181901,16.590693241446907,0.0591307756726514,0.038958164012344136,4.902330331479525,-0.5552052310966203,-0.5330284310127997
stage2_soh,61,-0.4979620872786822,0.9689026805757296,0.24250388579850504,0.1503645824395129,296.9273600794059,0.35567462198186367,0.23002976326519817,1664.544960023532,1.822636067867279,0.91015625,0.49476220631018586,0.2954561134824871,144.12494076054313,0.5731560447347448,0.3786468260559559,286.1641072724308,11.009973915298666,6.57480317102858,16.745164279609103,0.06104258360266779,0.04032685466643601,5.0720168654626745,-0.5731560447347448,-0.5330284310127997
stage2_soh,62,-0.5061403141202911,0.9686055724283639,0.24252469890556505,0.15015216817232394,298.1275328587672,0.3535144230273733,0.22845840454299868,1631.8803304729372,1.896401822566986,0.91015625,0.4947075591786718,0.29559363417865825,162.24694614357574,0.5856041602025249,0.3895127348660026,271.76360032032755,11.008757996533836,6.5778634623198515,16.619875059705862,0.06236833955985603,0.041484101683957414,5.209441285925129,-0.5856041602025249,-0.5330284310127997
stage2_soh,63,-0.5179992219297666,0.9696949689687047,0.24432149195942776,0.15110234932741673,301.83153820756877,0.3519500467770695,0.2274855414431014,1604.0839002171738,1.946924477815628,0.91015625,0.4933444247248679,0.2960794003593037,159.75201201522017,0.5713912503338109,0.3804364989628084,238.8828420137259,10.97842394187467,6.588673219503102,16.61045261826455,0.06085462837582504,0.040517459350378204,5.110002803776088,-0.5713912503338109,-0.5330284310127997
stage2_soh,64,-0.504613076276545,0.969364848804965,0.24349648049975375,0.15112639346393533,303.57622977630524,0.353722778644931,0.22824042459041527,1462.3630889394879,1.8749603033065796,0.91015625,0.4910771964458336,0.2935847096850921,164.55531642833697,0.5852455901375588,0.39514973733639636,267.50033863394987,10.927971337963989,6.533158753661431,16.505797120405823,0.062330150722272916,0.04208445674962674,5.3074380120558216,-0.5852455901375588,-0.5330284310127997
stage2_soh,65,-0.522717296416042,0.9693978608213389,0.242833896329073,0.15042258110960532,297.34644341321444,0.3506136139125731,0.2269860838144243,1623.316229082257,1.7529522776603699,0.91015625,0.49331527202851505,0.29394213641717215,161.35736242596178,0.5470918463580732,0.3609364688245478,263.1361353216597,10.977775352087756,6.541112589715424,16.598890687965227,0.058266679216657985,0.038440656088974304,4.857241298887099,-0.5470918463580732,-0.5330284310127997
stage2_soh,66,-0.510125411402104,0.9690017166248515,0.242670925083825,0.15051691590432137,296.897806996477,0.35306315462128834,0.22792989793308283,1560.676380803776,1.9679226875305176,0.91015625,0.4934139995900439,0.2956907954244343,150.13119452149186,0.5572554964528843,0.3675132914340793,263.72941090707445,10.979972337207025,6.580025598988261,16.869117493255903,0.0593491343126623,0.039141104690698744,4.937842648306842,-0.5572554964528843,-0.5330284310127997
stage2_soh,67,-0.5167319944791745,0.9682094282318764,0.24262439183640158,0.1509417044852929,298.57643805811455,0.35018709379460444,0.22627261429421888,1643.1339818049732,1.952854335308075,0.91015625,0.4942571176205426,0.2995763203398383,152.17113535918338,0.5712232871326143,0.3748293170501711,240.5230325967185,10.998734194972618,6.666490409535812,16.971444464206808,0.0608367395777935,0.039920280044764944,5.0384344657554525,-0.5712232871326143,-0.5330284310127997
stage2_soh,68,-0.5345354795015175,0.9682094282318764,0.2433153069138407,0.1506261694545479,304.672864901543,0.350196112292828,0.226072166880346,1634.0989280399924,1.8842914700508118,0.91015625,0.4968547748033067,0.2984090736863436,151.63626259090663,0.591286501000641,0.38779588672332466,277.19686301977606,11.056540142843144,6.6405156252135455,16.866591508683282,0.06297352318814407,0.041301252896249266,5.226787532159182,-0.591286501000641,-0.5330284310127997
stage2_soh,69,-0.5289738118868909,0.9691337646903473,0.241558628524865,0.15013042076966257,297.74503388078006,0.3516537855344297,0.2280252848068047,1735.09131164267,1.8565001487731934,0.91015625,0.49000712696881643,0.2950587167724734,157.60486276102154,0.5676019040734306,0.3781092745875867,333.13839713829066,10.90415893680985,6.565959900302467,16.85334061813985,0.060451053367510284,0.04026960404313752,5.094660113417514,-0.5676019040734306,-0.5330284310127997
stage2_soh,70,-0.5480000960154718,0.969364848804965,0.24395471364078505,0.15148073945575227,304.02810495240726,0.34719177871747003,0.22382354918806413,1499.2744583118154,1.8910227417945862,0.91015625,0.4974562155535041,0.2960998049875343,153.26424867796646,0.5582373801782288,0.3633995780483019,255.2443592900928,11.069924052165987,6.589127321348966,16.61684602647479,0.059453707338587715,0.03870298369166458,4.8655985056883395,-0.5582373801782288,-0.5330284310127997
stage2_soh,71,-0.5344362155175596,0.9688036445266077,0.24256400772332476,0.1501315965043376,300.9739438271703,0.34895486408022847,0.2260585922458553,1596.6165196645868,2.088424026966095,0.91015625,0.49337364862000044,0.2945214575124737,165.0533024335469,0.5892407453876162,0.39966095644376765,229.2584410436114,10.979074452791085,6.554004259647857,16.592507421654492,0.06275564487991389,0.04256491308451664,5.4058195930218975,-0.5892407453876162,-0.5330284310127997
stage2_soh,72,-0.5509226584346357,0.9686715964611119,0.24088442459494702,0.14931987757808948,293.798118939428,0.3501401455737558,0.2256175009663506,1534.3010309208967,2.039661169052124,0.91015625,0.4939422352866053,0.29675144525344876,147.3579582249102,0.5846050989095651,0.3918804257555166,219.97311239468962,10.991727232136752,6.603628308841101,16.827276576361548,0.062261937029108344,0.04173626676193457,5.282400578053601,-0.5846050989095651,-0.5330284310127997
stage2_soh,73,-0.5627173321314474,0.9686385844447379,0.24183332388919324,0.14996274823561348,298.2630355565696,0.34611075801084557,0.22346596216079057,1792.813457178531,1.8620151579380035,0.91015625,0.4951032031456528,0.29632507860151236,149.07975375638273,0.5470892114931547,0.36948458426832076,287.55500891114326,11.017562224463907,6.594140332035549,16.628050126937243,0.05826639905332527,0.039351052415045495,4.9403330264499274,-0.5470892114931547,-0.5330284310127997
stage2_soh,74,-0.5656411273742658,0.9688696685593556,0.24306733826315607,0.1507078464516897,301.9184785477639,0.34468521998147394,0.22190243950570585,1686.6848886869634,2.05453884601593,0.91015625,0.49274526433289484,0.29753516113123624,168.20020963183643,0.5708478244800367,0.380743614230596,234.31523677476255,10.965090879589754,6.621068365316107,16.693138551107044,0.060796751905927114,0.04055016786138578,5.11667771061456,-0.5708478244800367,-0.5330284310127997
stage2_soh,75,-0.5618255063783189,0.9687046084774859,0.2429668832779907,0.15062092286656356,302.41447472485106,0.34806514851124287,0.22292805152987832,1524.3683993909174,1.8446989953517914,0.91015625,0.49443879082616926,0.2952504902059445,164.59394999484175,0.5480753239993971,0.36585755939086084,443.1781372825533,11.002776901237345,6.570227423669269,16.63303451725698,0.05837142270774082,0.03896476510539465,4.896712318326442,-0.5480753239993971,-0.5330284310127997
stage2_soh,76,-0.5672598349580547,0.9678462960517629,0.24223980154539232,0.14993490307350446,298.4464719237155,0.3440455613690956,0.22238897212662684,1483.6806991487301,2.1786375641822815,0.91015625,0.4934892307849274,0.2962266000249656,162.7825262050593,0.5840139029740149,0.3937166554496798,267.87112391765277,10.981646371942361,6.591948888202217,16.648792111308076,0.062198973468021945,0.04193183009897131,5.285052052242866,-0.5840139029740149,-0.5330284310127997
stage2_soh,77,-0.5703191879394425,0.9683744883137462,0.24211791693882267,0.15009424495430204,295.4596435167903,0.34578477560630083,0.2223307538401765,1807.6338331966435,2.04606232047081,0.91015625,0.4932712463852336,0.29713936409461894,155.47255220688984,0.5854592272340401,0.3949314375722679,277.96351627030435,10.976795634054653,6.612260692211064,16.87919301228751,0.06235290374187543,0.04206120732545962,5.3273673308797775,-0.5854592272340401,-0.5330284310127997
stage2_soh,78,-0.5790136782571754,0.9683414762973722,0.24333675017240694,0.15073855216278553,299.59046935108955,0.3438887531451534,0.22068254542119825,1636.866542120047,2.100841671228409,0.91015625,0.49156094391055893,0.29652977722435025,157.13073228048177,0.5675159715013188,0.37923142145882593,282.98679640825594,10.938736114125108,6.598695501632312,16.80555073719275,0.06044190133095611,0.04038911555466156,5.070525806895238,-0.5675159715013188,-0.5330284310127997
stage2_soh,79,-0.581739737826012,0.9691997887230952,0.2434467148526187,0.15097635005096288,300.6625150884983,0.34278546571672075,0.21930786901921692,1699.6970042810851,2.1832891702651978,0.91015625,0.4910865799751794,0.2940380008658394,153.86900268689269,0.5858968143024775,0.396626344157994,292.5398512813078,10.92818015900522,6.543245862980146,16.612429599727214,0.062399507483853686,0.04224171906236551,5.318028376264877,-0.5858968143024775,-0.5330284310127997
stage2_soh,80,-0.5937557986984319,0.9696949689687047,0.24361660443792563,0.15106189441770018,303.93184714766113,0.3411950025480704,0.22019326682505663,1722.8213651030142,2.1797874867916107,0.91015625,0.49093026859297056,0.2924743005496566,154.1911890465619,0.5784661434545655,0.38239124334177177,230.00586134760565,10.924701741257815,6.50844874234671,16.43807932366761,0.061608122284179646,0.04072564455016961,5.143446961948738,-0.5784661434545655,-0.5330284310127997
stage2_soh,81,-0.5882543577836838,0.9692658127558431,0.24277149299062176,0.15062695505213355,299.308374067471,0.34137671214906706,0.21969616246456386,1557.764789208625,2.0354680716991425,0.91015625,0.49415183697872933,0.2963456322104321,158.00441717542492,0.5633364319975608,0.3718950728143682,354.5402192467721,10.99639142286943,6.5945977059678,16.963678067816783,0.059996769531308336,0.03960777559099644,4.970851126204582,-0.5633364319975608,-0.5330284310127997
stage2_soh,82,-0.5917275864146399,0.9695629209032087,0.2430664080638178,0.15068643665822706,303.08191457785034,0.34068886503707557,0.21840370234195045,1502.0938638306545,2.087881177663803,0.91015625,0.49733783240232116,0.2973506841372,147.04535629468305,0.5724104210561355,0.37764057924505323,246.82003690617208,11.067289567602,6.616963195030449,16.79021753353885,0.06096317253659255,0.04021968672923798,5.06515038924595,-0.5724104210561355,-0.5330284310127997
stage2_soh,83,-0.5990949551574025,0.9691007526739733,0.24340336752385236,0.15082604636444463,298.03156600295495,0.3391622565738552,0.2181910580224518,1555.6870253985742,2.116755187511444,0.91015625,0.5004221182820837,0.30101615245075664,162.87897109570017,0.5924021152770267,0.3856842051300191,222.28568393262407,11.13592440204593,6.698531093645872,16.79048109182756,0.06309233912105,0.041076353482837856,5.176320741880438,-0.5924021152770267,-0.5330284310127997
stage2_soh,84,-0.6102866984792639,0.9698600290505744,0.2427058632934004,0.1507057006370385,298.1635528887503,0.33982607914443597,0.21807540763140873,1695.4451520451873,1.9559721052646637,0.91015625,0.4889509688555686,0.29378876276678056,150.73500044345812,0.5375503974132722,0.3592418453663413,275.48297737059545,10.880656131170518,6.53769953380535,16.525902022401933,0.057250490904646095,0.03826017453855216,4.805235230764401,-0.5375503974132722,-0.5330284310127997
stage2_soh,85,-0.6146896817828049,0.9682094282318764,0.2426604737511333,0.1503438535945781,300.4018930367792,0.3385074851487672,0.21654793037222822,1594.3139411797113,1.9829869270324707,0.91015625,0.49651663402947577,0.2968156203532999,148.63944003103117,0.543857271674627,0.360358678157354,319.19931623942864,11.049015448582134,6.605056400332091,16.64360849660636,0.05792218901703366,0.03837912004020231,4.806495137714953,-0.543857271674627,-0.5330284310127997
stage2_soh,86,-0.6113049663799089,0.968506536379242,0.2430231215284236,0.15045750587125317,301.00088898783275,0.33705061592738994,0.21779376539922157,1558.3796062177096,1.9985129237174988,0.91015625,0.4901429238053547,0.2939091217363057,145.68609837634932,0.5603592108486879,0.36976878070345265,278.4362944257835,10.907180821794901,6.540377890938385,16.445887334451932,0.059679687938857945,0.0393813201111116,4.954694116947162,-0.5603592108486879,-0.5330284310127997
stage2_soh,87,-0.6153747843622485,0.968473524362868,0.24241923336235166,0.15053833161235258,297.4777328648613,0.34027760042186267,0.2176628751310333,1512.6661876315816,1.9797642529010773,0.91015625,0.4983795517723109,0.29802973415644374,164.48009215333622,0.5658424455420176,0.3756718371005263,233.50814430831778,11.090470991603453,6.632074134685895,16.764133132898344,0.060263666519461766,0.04001001071807951,5.037679899046239,-0.5658424455420176,-0.5330284310127997
stage2_soh,88,-0.6107324488676478,0.9688036445266077,0.2425016064694805,0.1505111211454406,299.31568979098,0.33837583234253565,0.21692716098063333,1678.5749489064117,2.1662200689315796,0.91015625,0.49251923896927674,0.29666601762437494,162.65606156251962,0.5648318163393661,0.37515387912571896,241.0045904386376,10.960061122521491,6.601727269879865,16.57120258547246,0.06015603170519779,0.039954846748457507,5.0428496173112265,-0.5648318163393661,-0.5330284310127997
stage2_soh,89,-0.6242317951104922,0.9687706325102338,0.24288420420936413,0.15061313748309504,305.06073524080034,0.3361605970109136,0.21581682902586172,1572.9677937771123,2.17444708943367,0.91015625,0.4954761085786137,0.2952427024283679,161.69927416959533,0.5646294886316491,0.37293323202902684,243.32892386331295,11.025860655887103,6.570054176417823,16.627408642115824,0.06013448312556452,0.03971834215034953,5.013099335124141,-0.5646294886316491,-0.5330284310127997
stage2_soh,90,-0.6305392630172976,0.9686385844447379,0.24210105008094457,0.14991302072075088,301.3964526645254,0.33765137021361286,0.21506608756253304,1447.1892151202321,2.1614533066749573,0.91015625,0.4965472208857164,0.2952199099963764,155.6488331058004,0.5757593858615204,0.3808231555212842,283.1109543463576,11.049696045458884,6.569546946560648,16.597725717880046,0.06131984598782745,0.04055863929273995,5.120771578656957,-0.5757593858615204,-0.5330284310127997
stage2_soh,91,-0.6273696015977677,0.9684405123464941,0.242956492349365,0.15063103107011414,300.0579581255389,0.3374126578650882,0.2169957165751743,1670.6362062045073,2.3090081810951233,0.91015625,0.4940742375529845,0.2959161119433702,159.62247998731667,0.5840449599622882,0.3966731821128633,198.53428085300675,10.994664616378714,6.58503957538073,16.849653631880724,0.062202280882997896,0.04224670764288234,5.31557689922149,-0.5840449599622882,-0.5330284310127997
stage2_soh,92,-0.6309632683121417,0.9689026805757296,0.24313029444437032,0.15077568276607117,295.8142656656438,0.33601601018956073,0.21527459828107914,1496.17399305924,1.9183348715305328,0.91015625,0.49527416211513275,0.29460978015777073,166.47567919372622,0.5599602548792368,0.36737941373939975,314.17725663162804,11.02136648186041,6.5559696694891585,16.5751048323234,0.059637197904245265,0.03912684633525023,4.886492553958416,-0.5599602548792368,-0.5330284310127997
stage2_soh,93,-0.6369013074019556,0.9682424402482503,0.24272359182843012,0.15048238459611615,298.4325308850621,0.3338524924902852,0.21497892221254447,1683.3381801459047,1.9288879930973053,0.91015625,0.4925515807402409,0.2946202057719347,159.9987432225922,0.5563771738158888,0.36082090656236687,310.27401190705007,10.960780859752454,6.55620170298087,16.602309046382228,0.05925559079090989,0.03842834864108097,4.8189960353700245,-0.5563771738158888,-0.5330284310127997
stage2_soh,94,-0.6184065895336835,0.9692658127558431,0.24218199603510895,0.1504231125463642,299.42635326173286,0.33513767544704604,0.21520976342918346,1610.9087630633817,2.3115987181663513,0.91015625,0.49215806115602745,0.29378928063670173,156.68950238626422,0.5722622588466205,0.38624375362542196,265.4484433071203,10.95202380650724,6.537711065424517,16.476901456250772,0.060947393093684105,0.04113594684901381,5.211272237188972,-0.5722622588466205,-0.5330284310127997
stage2_soh,95,-0.6331237624363085,0.9682754522646243,0.24326181927360943,0.15081188345406557,299.12973120471463,0.3368835583734606,0.2160532759416998,1602.9613393294017,2.170791447162628,0.91015625,0.4951216802363365,0.2991313271850231,161.08386198143853,0.5651721531563099,0.38134622485631553,286.0495842457782,11.017973395912522,6.65658795741059,16.90982009406922,0.06019227862508447,0.0406143475034333,5.082643288379028,-0.5651721531563099,-0.5330284310127997
stage2_soh,96,-0.6373127317091724,0.9678793080681368,0.2428992863238696,0.15093062747779987,300.57326714706994,0.33694397198586157,0.2159405134853142,1679.663342945725,2.1386446356773376,0.91015625,0.4923840862880909,0.2950370101025328,166.48896794733022,0.5998824598385923,0.4066060674194887,252.74022537163142,10.957053671678503,6.56547688255284,16.533921894187635,0.06388901487442776,0.043304585279413055,5.4600934904136755,-0.5998824598385923,-0.5330284310127997
stage2_soh,97,-0.6528648691827171,0.9682094282318764,0.24271432904342494,0.1504356212756638,297.9044084943499,0.3284529499038549,0.2128712292480064,1622.4006696130643,2.3483429551124573,0.91015625,0.49341700075255723,0.2971316914081399,145.55933227718282,0.5712064827422545,0.38548656889543054,250.81193213763297,10.980039067495996,6.612089935940422,16.662702636029113,0.06083495000806747,0.041055304667411585,5.190155689544729,-0.5712064827422545,-0.5330284310127997
stage2_soh,98,-0.637008398932635,0.9692988247722171,0.2430043321221867,0.1506073390043658,297.438687163049,0.3334520135210247,0.21418830259965127,1628.7074989335185,2.1137040853500366,0.91015625,0.4946663763584373,0.2948566155100707,157.49132649909822,0.5913539106415933,0.3942871604767788,452.1934383704865,11.007841532808857,6.561462539420482,16.74560912780653,0.06298070245340381,0.04199259012688234,5.271862007850425,-0.5913539106415933,-0.5330284310127997
stage2_soh,99,-0.6576193843416158,0.9696289449359566,0.24248462851913552,0.15029873506585523,299.7406020062174,0.33083528613356783,0.2127503711264396,1654.1066104555575,2.17797189950943,0.91015625,0.4942496009904243,0.294300091169589,165.41473676598503,0.5571988252236495,0.37061553358762467,192.06406341052693,10.998566944790255,6.5490781495178085,16.611522955526823,0.059343098500151216,0.03947150130800524,4.941693183384012,-0.5571988252236495,-0.5330284310127997
stage2_soh,100,-0.6803846660385071,0.9692658127558431,0.2426240675951503,0.15077570589498093,299.07487014006847,0.3329281554802269,0.2122372904926537,1717.7765026812167,2.1931906640529633,0.91015625,0.48846081483503706,0.29231910929229343,164.14115086191597,0.5497844047056387,0.3648282604699489,244.9858310767932,10.869748819928933,6.50499525344534,16.353360007407424,0.05855344421547754,0.038855142149444286,4.875681119484485,-0.5497844047056387,-0.5330284310127997
stage2_soh,101,-0.659832951895992,0.9690017166248515,0.24191816573084213,0.15034419945446106,297.1745126341168,0.3323054628641924,0.211831613268823,1605.0566305457824,2.116116166114807,0.91015625,0.49539651150859515,0.2973612337373197,167.15167052961232,0.563247480505589,0.37322780579961545,243.0895220266971,11.024089315900598,6.617197964112027,16.594438785119486,0.059987296026681465,0.03974971507708256,4.9966027904333155,-0.563247480505589,-0.5330284310127997
stage2_soh,102,-0.6766237474473263,0.9697279809850786,0.24277646662952931,0.15050620922478927,306.61042323207397,0.3294317737070485,0.21070923593313584,1560.7265881710694,2.1011780500411987,0.91015625,0.49221684361729745,0.2940185868865228,157.2219951465596,0.5545323023678533,0.37129507195641054,327.7994650359114,10.953331794610904,6.542813805053505,16.4564919642964,0.059059107236860024,0.03954387399276088,4.953358032858815,-0.5545323023678533,-0.5330284310127997
stage2_soh,103,-0.6694745867755758,0.9683744883137462,0.24353593977300222,0.15122059477514935,302.75499888752296,0.330261684346432,0.2109625952013445,1516.8916738021028,2.273989200592041,0.91015625,0.4957215085280329,0.29450081117101945,146.4630466458076,0.5656222598769244,0.3815251755004283,273.270413773921,11.031321496906527,6.553544814027033,16.435794437157774,0.06024021603985189,0.04063340614616709,5.090515336221388,-0.5656222598769244,-0.5330284310127997
stage2_soh,104,-0.6627883064326563,0.969331836788591,0.2431349825070166,0.15103883133721796,297.1983533639654,0.3316411529051034,0.21210824830832226,1607.0842741494882,2.3404884934425354,0.91015625,0.4942880452371847,0.29719950968865305,168.36853351328793,0.5618433454732163,0.3726681498446851,251.66133750339839,10.999422537908911,6.613599111003946,16.71936837116268,0.059837751955633955,0.039690110295832526,5.0007345009717,-0.5618433454732163,-0.5330284310127997
stage2_soh,105,-0.6670034921391235,0.9689026805757296,0.24327162942625555,0.15052001995330158,299.9957829453468,0.32777265039440256,0.20980486977144386,1587.7687946156673,2.0771874487400055,0.91015625,0.49757495302661353,0.2985518662899267,164.23873334994715,0.5439783448702681,0.3629278588005036,402.48767700748687,11.072566213309843,6.643693169613267,16.961252225867373,0.05793508409727482,0.03865274456837968,4.845093683249553,-0.5439783448702681,-0.5330284310127997
stage2_soh,106,-0.6701380805501406,0.9700911131651921,0.24255729184792413,0.15059847266873952,298.4857240600515,0.3282592635974537,0.21058894825943586,1598.4475017596014,2.2846187353134155,0.91015625,0.49332653318177605,0.29560005320672644,151.87900911612346,0.5627429758881228,0.38338244499027496,358.97866634871167,10.978025855640318,6.578006287599467,16.816835566666796,0.05993356489812672,0.040831210095145606,5.1062897170404336,-0.5627429758881228,-0.5330284310127997
stage2_soh,107,-0.684244573250104,0.9692988247722171,0.24285766522757066,0.15086273380628262,300.36552272747,0.3284191372477214,0.20875768402223324,1556.2261804359653,2.180290460586548,0.91015625,0.4947645091346386,0.29723305275228995,149.19096164538357,0.5653284299222302,0.36677960465749493,288.69266502497914,11.010025231745676,6.614345540936865,16.65814305913873,0.06020892257805454,0.03906296523992013,4.903866380330743,-0.5653284299222302,-0.5330284310127997
stage2_soh,108,-0.6976689675297241,0.9691007526739733,0.24258263135529262,0.15024760067058318,297.10564858842446,0.3298073365215523,0.2094667864531989,1618.8795050013812,2.197227716445923,0.91015625,0.49601028683543424,0.2962653823637993,151.02248094603493,0.555778717128191,0.37334233656019933,265.54902873546354,11.037747658355434,6.592811917077272,16.822703215374084,0.05919185342298599,0.03976191283061044,4.997599431174292,-0.555778717128191,-0.5330284310127997
stage2_soh,109,-0.7113746516568868,0.9695299088868348,0.24049234265648115,0.1495744551016195,297.48109670405574,0.325395129418322,0.20717268725015653,1492.3576173023416,2.2509206533432007,0.91015625,0.4987127911966635,0.29650767142447876,154.51269354880472,0.5443095266184262,0.36481308013208036,234.91871082518384,11.097886637448308,6.598203591313155,16.457780944194628,0.057970355385716155,0.03885352528594703,4.887043841688687,-0.5443095266184262,-0.5330284310127997
stage2_soh,110,-0.7038523027230392,0.969364848804965,0.2427999948540577,0.1504612566090217,296.9339787313088,0.3277116776412905,0.20807539327929128,1575.159288174508,2.200891613960266,0.91015625,0.49572309560496414,0.29601894463121425,173.86018394583775,0.5778826147104478,0.3821701240731272,334.1592935257435,11.031356811058735,6.587327930020978,16.65857737085248,0.061545975242077354,0.04070209491584801,5.137692079720731,-0.5778826147104478,-0.5330284310127997
stage2_soh,111,-0.6965288824690674,0.9685725604119899,0.24323313549711656,0.15074995993241785,301.6050625479832,0.3263408470049873,0.20959040810802068,1556.2878535946932,2.3473896384239197,0.91015625,0.49067740039845703,0.29361874944879673,170.88589470420126,0.564045095799335,0.3758598199383414,256.594174091131,10.919074608060468,6.533916225873959,16.45602274639615,0.06007224393846265,0.04003003125825812,5.056102135349725,-0.564045095799335,-0.5330284310127997
stage2_soh,112,-0.7103952256153206,0.9684075003301201,0.2422767262983832,0.15064403312170707,305.45194978685674,0.32729707126109114,0.20833172537038694,1516.7226467502664,2.499835729598999,0.91015625,0.49299477750919124,0.29810119574540295,163.9078948007384,0.5676529199685131,0.37857222982165695,268.7479490596255,10.970643365563864,6.633664388930081,16.70350961871009,0.06045648650840849,0.04031890987461255,5.09383314829024,-0.5676529199685131,-0.5330284310127997
stage2_soh,113,-0.7093131165672574,0.9684405123464941,0.24231998863699586,0.15000075276667554,297.586476050474,0.325960288219405,0.2076846185225106,1582.395299055906,2.329833209514618,0.91015625,0.49185870670913434,0.2957915329716343,162.60312314755922,0.5828326051852599,0.3952315285532677,322.42555503723185,10.94536231907438,6.582267319738826,16.684957126994135,0.062073161698431426,0.04209316774418946,5.302845078294614,-0.5828326051852599,-0.5330284310127997
stage2_soh,114,-0.7160365073853717,0.9687376204938598,0.2420240707155776,0.1502478449211195,298.2256895159479,0.32395440626373817,0.20694951173788467,1443.0630952112863,2.2245917916297913,0.91015625,0.49400993075457283,0.2957487745588878,151.61569830958513,0.5613639614924146,0.3715098107177255,215.66263636906825,10.993233576424593,6.581315807897503,16.698390957667534,0.05978669627640226,0.03956674416449048,4.972088992518349,-0.5613639614924146,-0.5330284310127997
stage2_soh,115,-0.7159730145941633,0.9685725604119899,0.2424612929289781,0.1506017219964474,299.4057558019729,0.32679179022800814,0.20797073216881026,1580.9541950118066,2.2403867840766907,0.91015625,0.49021696287948,0.2936166329855041,157.13185531160946,0.559936836058932,0.36495428550824727,258.7460682428572,10.90882854512775,6.533869146057466,16.695558551190643,0.059634703885326594,0.038868564037363315,4.88450684291016,-0.559936836058932,-0.5330284310127997
stage2_soh,116,-0.7191437775072138,0.9687376204938598,0.2442797800837506,0.15131719596038337,299.8088802838951,0.32338230987300565,0.2064659968902292,1502.8929680778592,2.3611294627189636,0.91015625,0.49446730215950346,0.2977518507982495,145.93926573683012,0.5866712825329646,0.3882285342369869,205.72755889705982,11.003411542228987,6.6258903911941704,16.959572577769222,0.06248199090110356,0.041347331017552016,5.216386123093228,-0.5866712825329646,-0.5330284310127997
stage2_soh,117,-0.7126492056225779,0.9691007526739733,0.24264402027873835,0.15052446189822738,298.8889997786262,0.32255833951148305,0.20578054519138136,1362.931158657904,2.4933143258094788,0.91015625,0.4936081999228479,0.2956283828316373,170.2342397450095,0.5832303877075345,0.3860883315646788,224.51398311893777,10.9842938545239,6.578636731752265,16.59775818851628,0.062115526770041424,0.04111939399012038,5.176576591523881,-0.5832303877075345,-0.5330284310127997
stage2_soh,118,-0.740255310389666,0.9685725604119899,0.24304913551667764,0.1506962024932475,297.34882521314177,0.32027636341331567,0.20360551957788678,1764.7799995749103,2.4646576046943665,0.91015625,0.49778759087471247,0.2995952747805859,148.56588685751993,0.5735875732296756,0.3858412701611087,257.83651270548955,11.077298051547393,6.666912210012413,17.12016091035325,0.06108854204085283,0.04109308117918044,5.189741661248354,-0.5735875732296756,-0.5330284310127997
stage2_soh,119,-0.7405921596368175,0.9691667767067212,0.24269864926336648,0.15022581508692448,298.7725302411843,0.32287589381260234,0.20508269794578235,1418.579882265173,2.4758121967315674,0.91015625,0.49784027332725145,0.2999156809019041,184.13209883007494,0.5739682794177922,0.37707795458123883,271.1756558124594,11.078470434027832,6.674042236427062,16.76887420781056,0.06112908835850911,0.04015976574072792,5.048932054833511,-0.5739682794177922,-0.5330284310127997
stage2_soh,120,-0.7357380103202316,0.9696619569523306,0.2428319644354523,0.1507929726424775,298.5110129345122,0.3214391884178986,0.20429735828896514,1439.2795627693583,2.587601900100708,0.91015625,0.4944004966087469,0.2968370057933498,165.36266085376775,0.5939828727363081,0.40131095983633713,213.9895416347964,11.001924905447648,6.605532294283018,16.653289137222572,0.06326069361213461,0.04274064270140921,5.418256743715317,-0.5939828727363081,-0.5330284310127997
stage2_soh,121,-0.7277477181179748,0.9696289449359566,0.24292840782488076,0.15083563134594904,299.79317600374975,0.322742934021097,0.2057458277412255,1496.762827699561,2.3103630542755127,0.91015625,0.4996830710785325,0.30096205155496136,160.10838317093882,0.5681388953634354,0.3827095586748328,296.66069608838717,11.119478326573615,6.697327184638877,17.177174495088938,0.06050824451414687,0.04075954617379421,5.145658829438933,-0.5681388953634354,-0.5330284310127997
stage2_soh,122,-0.7455969170300629,0.9683744883137462,0.24259354370215402,0.1507237864554688,300.1734677914589,0.32292884544212935,0.2045506071280099,1626.7286896533733,2.5066142678260803,0.91015625,0.4904957469236851,0.29153880506783025,153.55305354948771,0.5693491516470645,0.38352949584805174,323.33548752989384,10.915032192965976,6.487631086314185,16.605018497270827,0.06063713950579825,0.04084687139892368,5.165561564977802,-0.5693491516470645,-0.5330284310127997
stage2_soh,123,-0.7316389764203715,0.9687046084774859,0.2426554100596158,0.15028730400547236,299.051915578599,0.3230409219056712,0.2050348324034642,1427.5123543291827,2.3745968341827393,0.91015625,0.4964811683611288,0.2960803293681238,165.32493361099827,0.579288142465583,0.3904664715837498,284.49351307998995,11.048226228270417,6.588693919570179,16.62132256953698,0.06169566737880463,0.041585677021208536,5.2221563246696,-0.579288142465583,-0.5330284310127997
stage2_soh,124,-0.7470418128299222,0.9686055724283639,0.24237564771488923,0.1504933384152922,303.00392978036683,0.3216050132327264,0.2036810871581844,1550.459131679819,2.655501663684845,0.91015625,0.4892527025735123,0.2937119344351231,160.52424860325257,0.5793000122340682,0.38642895743760164,341.59597019161635,10.887370693083522,6.5359898858097285,16.43057533169837,0.06169693164871037,0.04115567147313051,5.171506763071265,-0.5793000122340682,-0.5330284310127997
stage2_soh,125,-0.7399576342784318,0.9690347286412254,0.2430311858877256,0.15065012239229028,301.1045340915309,0.3209939094670773,0.20369928582282998,1546.5315147037613,2.4929842352867126,0.91015625,0.49112108373081287,0.29281183236525976,157.73006914272563,0.5779526355576954,0.3895088833378395,290.476571985299,10.928947921216649,6.515959858850353,16.557458275528717,0.06155343250104888,0.04148369143968871,5.2147941653842445,-0.5779526355576954,-0.5330284310127997
stage2_soh,126,-0.7480008898394656,0.9691667767067212,0.24270715489123057,0.1505358804257853,301.8500488853507,0.32106803017056945,0.2039664884414054,1560.341951316095,2.4468796849250793,0.91015625,0.49769577328539966,0.30008921038825065,164.4650723676416,0.564284376487891,0.3801312555797267,344.3420291862453,11.075254800900186,6.677903787421927,16.960275978301176,0.06009772790833773,0.04048495005010053,5.0947576073619025,-0.564284376487891,-0.5330284310127997
stage2_soh,127,-0.742301149741671,0.9679123200845108,0.24253268664403815,0.15033870040771483,299.7358646178449,0.3233104408132005,0.2049982591116685,1531.0506764346278,2.5604774951934814,0.91015625,0.4937703243843079,0.2956595686300716,159.15123380433292,0.5752286212427276,0.38137050574187015,295.89797636247465,10.987901657599634,6.579330709900743,16.63678716241043,0.0612633182919555,0.04061693352553046,5.147401493489011,-0.5752286212427276,-0.5330284310127997
stage2_soh,128,-0.7738817487181091,0.9687046084774859,0.24387353789099586,0.15105454929115317,298.8521024817068,0.31859398914714476,0.20196339661888454,1425.721122655559,2.575252652168274,0.91015625,0.4910947817858367,0.29525642997032264,156.1243734250436,0.5870677046363066,0.3957835811597761,274.4134442541031,10.928362521756446,6.5703596125835,16.424408540877256,0.06252421054692256,0.042151962747657354,5.325685658354589,-0.5870677046363066,-0.5330284310127997
stage2_soh,129,-0.7609909662053778,0.968473524362868,0.24337335328458215,0.15090247311121574,298.768129281188,0.3182807655884152,0.20197220279853426,1506.1925201839883,2.432502567768097,0.91015625,0.49721222071691934,0.3004513726300502,161.7829589344682,0.5850625160645435,0.3928849434287258,205.9763136563012,11.064494329187186,6.685963008470893,16.992250061325382,0.06231065300161131,0.04184325044698614,5.259122787841681,-0.5850625160645435,-0.5330284310127997
stage2_soh,130,-0.7812925063051007,0.9687706325102338,0.24164529381445718,0.14979569024699557,299.7780352115333,0.31595757397528357,0.20011604423031495,1449.1152244809184,2.6329249143600464,0.91015625,0.49397661140884774,0.2966165805628407,144.54035838816816,0.5959887975002102,0.39940748358094424,236.49241566796545,10.992492141822952,6.600627154046954,16.87019561225728,0.06347432987095232,0.042537917641622756,5.36126759678715,-0.5959887975002102,-0.5330284310127997
stage2_soh,131,-0.7754518955288767,0.9694308728377129,0.24323537002517165,0.15082537723303277,300.61879575896637,0.3180930856915415,0.20104572050831807,1570.9541051213132,2.7318309545516968,0.91015625,0.4955385613460331,0.29667893611622276,163.49192889135685,0.5864337503303112,0.3897372492538125,363.807224295189,11.02725028328841,6.602014743086256,16.842402000961428,0.06245669275808805,0.04150801292895332,5.226381573081807,-0.5864337503303112,-0.5330284310127997
stage2_soh,132,-0.7825209034271573,0.9690347286412254,0.24315094473998355,0.15047094542054154,300.37407889609517,0.31766214554032085,0.2012633915847812,1609.748756183517,2.5521207451820374,0.91015625,0.49547757393564396,0.2971490676245594,175.2400139505567,0.5801976602201518,0.3918838380413945,240.68350898958735,11.025893146421314,6.612476610588258,16.598483337581804,0.06179253320953884,0.04173663012554782,5.268901430838949,-0.5801976602201518,-0.5330284310127997
stage2_soh,133,-0.7840666305148333,0.9689687046084775,0.242969868530667,0.15048039137180655,301.84580698990413,0.31680568654254265,0.20027165559485294,1464.8845395413769,2.5466532111167908,0.91015625,0.48570640998804165,0.2924550813768292,151.98582990453042,0.5976068881010003,0.3970897343097022,227.51050066828086,10.80845485664786,6.508021061456953,16.41513088756082,0.06364666070976364,0.0422910714473637,5.337458006950823,-0.5976068881010003,-0.5330284310127997
stage2_soh,134,-0.7797287431494273,0.9687046084774859,0.2425578000291064,0.15069281349417815,299.84573885169664,0.31692888723008117,0.1995909778402885,1473.5827612426783,2.494670331478119,0.91015625,0.49388381176361035,0.29613027277628134,151.90252362761908,0.5710502111042672,0.38748264704918256,312.6441013081006,10.99042708216085,6.589805311382916,17.025346440153164,0.06081830643874879,0.0412678919595801,5.212834384248399,-0.5710502111042672,-0.5330284310127997
stage2_soh,135,-0.7743680705942945,0.968539548395616,0.24286785263606608,0.15089556407584936,301.0151116307521,0.31408343124333105,0.19880024569969315,1486.608585065803,2.7241300344467163,0.91015625,0.4918597559359696,0.2946963366375712,156.33153969270498,0.5890684912171045,0.39480555026966613,246.750788790522,10.945385577410047,6.557895837022239,16.59466821240851,0.0627372995325702,0.042047800003875244,5.2874549639957245,-0.5890684912171045,-0.5330284310127997
stage2_soh,136,-0.7854378101187559,0.9689356925921035,0.24270632078297502,0.15086024428299538,298.7654662103766,0.3168515335002502,0.20019695119627368,1369.7160935817456,2.6756219267845154,0.91015625,0.4951093159297712,0.293925655689236,155.1912821860447,0.5564296761695113,0.38007375716551905,241.37523368413946,11.017698362616326,6.540745846982066,16.510438435134457,0.05926118245578318,0.040478826454646635,5.127431925646482,-0.5564296761695113,-0.5330284310127997
stage2_soh,137,-0.7964667983497762,0.9688036445266077,0.24280475223580095,0.15013711685402706,297.06145758457353,0.3158046815913354,0.19884952198160671,1521.0848882421153,2.557561159133911,0.91015625,0.4986493434873745,0.30122117157588946,165.35522581973362,0.56716520878315,0.38299419894610764,331.1667607794211,11.096474797444026,6.7030934109234055,16.938632314770956,0.06040454384813751,0.04078986085630282,5.103084938716758,-0.56716520878315,-0.5330284310127997
stage2_soh,138,-0.8027439396840711,0.9687376204938598,0.2430097977108031,0.15053420301310833,295.40609306516035,0.31256878530241705,0.19707741600910303,1379.7611510365539,2.8173439502716064,0.91015625,0.49210558837701446,0.29462359019407813,164.9573071179826,0.5766608058881377,0.3891106774644868,193.90918501329787,10.950856078425533,6.556277000413701,16.52297864443467,0.06141584956234133,0.04144128156652651,5.2535335085723665,-0.5766608058881377,-0.5330284310127997
stage2_soh,139,-0.8048667825072724,0.9681764162155024,0.2432051601420436,0.15022574512655806,296.665216376812,0.3127152441189602,0.19698040337616557,1414.985146697693,2.6010136008262634,0.91015625,0.49754029026401236,0.2968240339978365,164.26549338601265,0.5530327013501756,0.37491408360074274,356.8926980311973,11.07179492595607,6.6052436310614375,16.710496295813325,0.058899395974314005,0.039929308006857275,5.036914701303844,-0.5530327013501756,-0.5330284310127997
stage2_soh,140,-0.8046044584200874,0.9691997887230952,0.2441366505497483,0.1509985561279631,297.34411240352034,0.311918032423681,0.19723271287292207,1395.8096661018203,2.6469696760177612,0.91015625,0.49207072805400454,0.2929371776244807,147.75127048632584,0.5770217988088877,0.3898408300956362,255.43044072933645,10.950080471097431,6.518749176976087,16.51585194737733,0.061454295934569386,0.04151904460716991,5.227510123565488,-0.5770217988088877,-0.5330284310127997
stage2_soh,141,-0.8053230747401471,0.9684075003301201,0.2436059196351671,0.15107474972824883,301.9913133215145,0.3151752903616352,0.19828105264423382,1322.1365846510332,2.7912070751190186,0.91015625,0.49456316958328816,0.29663317761878716,160.55130209878624,0.6015639729060116,0.40086660121050954,257.89954900372067,11.005544896899439,6.600996484948994,16.788208678005667,0.06406810049053717,0.04269331748498305,5.380575145713316,-0.6015639729060116,-0.5330284310127997
stage2_soh,142,-0.804911010688478,0.9678462960517629,0.24223429610473,0.15038278593930662,294.447931412092,0.31436973775094956,0.1982559014260747,1381.3695390791597,2.743809759616852,0.91015625,0.4929490096984279,0.29679413207486505,169.38266364844466,0.5799472663596732,0.38842435467267933,220.14964730403986,10.969624869292833,6.604578220664723,16.51961623929236,0.06176586593538453,0.04136818644139642,5.2048754149353265,-0.5799472663596732,-0.5330284310127997
stage2_soh,143,-0.7923056164742398,0.9686055724283639,0.24306111905682876,0.15080160972130138,301.9304201852678,0.3142441529582166,0.19809956125954772,1470.830443872839,2.6606494784355164,0.91015625,0.5011513849968595,0.3004529257773356,152.52767588823062,0.5866294034121705,0.3909815231072571,285.13747478270284,11.1521528153304,6.685997579365365,17.014205511610005,0.06247753050428001,0.04164053136952639,5.245182838970257,-0.5866294034121705,-0.5330284310127997
stage2_soh,144,-0.7995225387174922,0.9690017166248515,0.24307371491407392,0.15088077112882306,304.7425126524212,0.3131102218611447,0.19844318418025395,1592.9965037840652,2.6355331540107727,0.91015625,0.4909343145095304,0.2956285100954119,150.1173069767134,0.585334821053092,0.39277540062903427,310.7602025959923,10.924791729994272,6.578639557851126,16.645184455346755,0.062339653986406576,0.041831583810153596,5.28789345527632,-0.585334821053092,-0.5330284310127997
stage2_soh,145,-0.8219269742333526,0.9691667767067212,0.2438721193636696,0.1513231629296996,301.6479394458608,0.3126380471762053,0.1970403058711329,1489.6917407807123,2.7637630105018616,0.91015625,0.4976140964699516,0.2990436327891075,170.4614444799931,0.5718777913720982,0.38144185547480447,260.1142781490343,11.073437331888593,6.65463649261325,16.962520714646313,0.06090644630631741,0.040624532439698914,5.132393571014389,-0.5718777913720982,-0.5330284310127997
stage2_soh,146,-0.7998867803405113,0.9682754522646243,0.24228001662159884,0.15040855475847245,301.5026889755326,0.31262315995174644,0.19699895773218556,1243.160758179154,2.4538413882255554,0.91015625,0.49712710201847665,0.2987719864358951,166.54762987097,0.568274371792658,0.38372162825180567,249.42636321037418,11.062600196780432,6.648591532522792,16.912404609219283,0.060522672904277416,0.040867334084314644,5.1636386462193515,-0.568274371792658,-0.5330284310127997
stage2_soh,147,-0.8242556478094742,0.9689687046084775,0.24324035193304197,0.15067344376838007,300.176744365428,0.3095095210911772,0.19564647771786173,1395.9096705188672,2.6223368644714355,0.91015625,0.49015789638741186,0.29214971083638375,168.31560987899658,0.5913269407844132,0.39471012620197143,315.7184445230782,10.907513945142105,6.501225602758733,16.56432869813024,0.0629778300564359,0.042037637050008334,5.292598470080086,-0.5913269407844132,-0.5330284310127997
stage2_soh,148,-0.8369625071372316,0.9691667767067212,0.24379789740661953,0.1516595847759136,302.62012721429403,0.3101404058643531,0.1947749114760638,1485.7562006204962,2.72836571931839,0.91015625,0.49442498750346997,0.2992457708387519,160.5417479506152,0.5623140868244016,0.3791309226799058,271.3573012294762,11.002469848638324,6.6591346773254365,16.85075673807478,0.059887887137225926,0.04037841210892234,5.100406037847328,-0.5623140868244016,-0.5330284310127997
stage2_soh,149,-0.8349114454801593,0.9687706325102338,0.24270763984893512,0.15088905175961137,301.36407485731735,0.30962580371271287,0.19495962028626304,1474.059388339765,2.6287830471992493,0.91015625,0.49254024708592625,0.2950759435771033,155.1747770542842,0.5834061620788753,0.3847773357965707,259.9186094503311,10.960528598140897,6.566343248400653,16.518970334367175,0.062134246864421844,0.04097976947713623,5.162751280044809,-0.5834061620788753,-0.5330284310127997
stage2_soh,150,-0.8344273810639778,0.968506536379242,0.2426715854324814,0.15001687499891048,297.3102494616504,0.31340210514881306,0.19623561934777975,1519.2591470612285,2.486724853515625,0.91015625,0.4883412375526924,0.2908738865007763,155.9069361537752,0.5676673656065527,0.3784780302130457,331.34080211227814,10.867087841902118,6.472834632469152,16.529567195521302,0.06045802507908073,0.040308877445330474,5.044045798148032,-0.5676673656065527,-0.5330284310127997
stage2_soh,151,-0.8297366235131208,0.9689026805757296,0.24239841491653255,0.14989864430854546,293.91788868747074,0.30922553661223456,0.19561313975534259,1526.6220000261403,2.65494966506958,0.91015625,0.4972612021080338,0.29796615700615803,160.8401239179656,0.5870039455780176,0.39704429679113673,276.3399890706617,11.065584261455239,6.630659345386175,16.809652186736585,0.06251742002800068,0.04228623215979016,5.297363924674752,-0.5870039455780176,-0.5330284310127997
stage2_soh,152,-0.8293322143018852,0.9682754522646243,0.24317338576483813,0.15095331832999825,301.38870281427626,0.30859519298409843,0.19464612607690757,1399.7811596510517,2.897151231765747,0.91015625,0.4920012447605378,0.29609358370362315,175.72261770509442,0.5903413024051505,0.3958991010658792,249.25107930018956,10.948534253793941,6.5889888784493404,16.726258779887054,0.06287285730939565,0.04216426601750059,5.3351906731708825,-0.5903413024051505,-0.5330284310127997
stage2_soh,153,-0.8477965760983455,0.9691337646903473,0.24261478779533413,0.15120676654948947,299.5644289231558,0.3080015035285516,0.19350318146711695,1500.8546798654777,2.6649714708328247,0.91015625,0.49619303850685537,0.2981586051901104,167.45693198782905,0.5828908332972312,0.39118956588572473,253.66190506729836,11.041814456473102,6.63494191777596,16.736105753157513,0.062079363575848576,0.04166268862700819,5.2503322706717315,-0.5828908332972312,-0.5330284310127997
stage2_soh,154,-0.8489299984568888,0.9691337646903473,0.24309316898292663,0.15070408062140409,302.5700035430989,0.3094871601159051,0.19413911868834338,1287.0873396193128,2.9782233238220215,0.91015625,0.49808850366219587,0.3001073664750038,153.0821462395562,0.6022654608134562,0.4014642477768575,290.66569855960836,11.0839943379215,6.678307828786873,16.822672028152663,0.0641428108352529,0.04275696842707981,5.393734431501643,-0.6022654608134562,-0.5330284310127997
stage2_soh,155,-0.8563884298111636,0.9689356925921035,0.24350777144464353,0.15107552145484052,299.43727280166274,0.3083640279891771,0.1931333531986882,1458.814627173849,2.9449621438980103,0.91015625,0.4959112915481477,0.29795239539816976,172.38256720581816,0.5904641720271416,0.3928230190213071,291.45628144477644,11.035544656197228,6.630353109252129,16.756524356944652,0.06288594300549752,0.04183665532649123,5.249660624572295,-0.5904641720271416,-0.5330284310127997
stage2_soh,156,-0.8481542249738375,0.9687046084774859,0.24325629127459666,0.15074469887502207,300.0679944018642,0.30904044227383903,0.1939778591356425,1356.5036518441334,2.911217451095581,0.91015625,0.49507245307827413,0.2968402991464245,155.6133285280466,0.5846095311791255,0.3941842333515524,341.4059985473101,11.01687800066157,6.605605578416915,16.55825622243062,0.062262408554595555,0.0419816280202886,5.3139308986427265,-0.5846095311791255,-0.5330284310127997
stage2_soh,157,-0.8465852954500058,0.9688036445266077,0.2427665171130441,0.1506370582880872,298.86618658382145,0.3094418663486122,0.19415327772450222,1402.7246922685752,2.7201497554779053,0.91015625,0.4935964379542625,0.29600676228437806,165.81478609241913,0.5670724551450546,0.38023735777824186,280.7347360596405,10.984032172284714,6.587056835947405,16.671972888726312,0.06039466562723819,0.0404962503315329,5.093703671809465,-0.5670724551450546,-0.5330284310127997
stage2_soh,158,-0.8646717575099184,0.9685725604119899,0.24272060876413507,0.15031859050287805,294.4001215599683,0.30786502908013624,0.19232182493862976,1575.4564185214274,2.81255304813385,0.91015625,0.49904081209074486,0.2993959238156094,182.31518360462945,0.5758164732961112,0.3845775833087828,280.07586136001976,11.105186133185107,6.662476045192939,16.97440074638532,0.0613259258370587,0.0409584953938846,5.168772667535445,-0.5758164732961112,-0.5330284310127997
stage2_soh,159,-0.8559840300919656,0.9698600290505744,0.24254341854237596,0.15061698006657265,297.2822054257939,0.3083648434998324,0.19322123415207476,1461.9585329429244,2.7526423931121826,0.91015625,0.4980716553364382,0.29967536898038816,167.45420926983047,0.5853646267643949,0.3951615807818598,335.39595139193545,11.083619356669859,6.668694551202385,16.946787858392614,0.06234282813530377,0.04208571801152283,5.318203624399591,-0.5853646267643949,-0.5330284310127997
stage2_soh,160,-0.8456980603682259,0.9690347286412254,0.24377678858316332,0.15126810742098315,300.87452264212993,0.31067188540205104,0.19431561774688408,1247.0537817829174,2.892564535140991,0.91015625,0.49678521779068574,0.2968532642698847,174.12680503523518,0.599682865703892,0.4004989068635041,292.9083506256399,11.054992283735125,6.605894096747194,16.623916044688446,0.06386775763507814,0.04265415706458202,5.4043509515451245,-0.599682865703892,-0.5330284310127997
stage2_soh,161,-0.8723116006023831,0.9684405123464941,0.24277965814422894,0.15094359305055258,298.95471946618903,0.30610926550294515,0.1918329592275453,1491.6733200861,2.4784985184669495,0.91015625,0.4923134601160846,0.2930466707548476,165.543500662111,0.5440156179560746,0.3640148612712437,497.2693653699267,10.95548184446688,6.521185711296409,16.358217304522483,0.057939053592442245,0.03876851302007871,4.8633095163836995,-0.5440156179560746,-0.5330284310127997
stage2_soh,162,-0.8628034716425051,0.9691007526739733,0.24240524180528825,0.15024464508973845,300.0200812446841,0.3083829091085968,0.19314773832602472,1553.4117791290498,2.841873586177826,0.91015625,0.49245750507343966,0.2934778933376947,153.78411773489847,0.5908712216288983,0.39596873246227915,258.54314038127416,10.958687437243487,6.530781754000907,16.542331631537394,0.06292929489019883,0.04217168182285102,5.3398594135974475,-0.5908712216288983,-0.5330284310127997
stage2_soh,163,-0.8814689788166038,0.9683744883137462,0.24303445225071874,0.15105943291205912,300.54720861955275,0.3069785024699505,0.19232260156365977,1446.6097973923822,3.0452544689178467,0.91015625,0.4944849303032167,0.2939805447094841,154.77368019831482,0.5990059753814907,0.40937180773198634,252.96531659482034,11.003803807642694,6.541967288605598,16.537058215962077,0.0637956670293214,0.043599143647325755,5.482643670327411,-0.5990059753814907,-0.5330284310127997
stage2_soh,164,-0.8595112779567693,0.9683744883137462,0.24352817423031625,0.1503728018125066,301.33824169726677,0.3045852375709159,0.19150237711272836,1376.328802144623,2.8088297843933105,0.91015625,0.49014672249480096,0.29396313935285434,168.04223477989862,0.5892365059559606,0.39210859035665635,253.03830609405352,10.907265456724318,6.541579968656148,16.572851808495457,0.06275519368855445,0.04176056692951858,5.27111387035011,-0.5892365059559606,-0.5330284310127997
stage2_soh,165,-0.8750012426069071,0.9689687046084775,0.24312707695374577,0.15085071894924,299.57927501230415,0.3043443477057753,0.1907042573715046,1650.059601304217,2.84778368473053,0.91015625,0.4949482199643034,0.29498436854191823,167.10433743305398,0.5766005451700036,0.3832394800592738,288.2757445420768,11.014113412161349,6.56430543545119,16.82632178473843,0.0614094318193094,0.04081598416716452,5.144535486014867,-0.5766005451700036,-0.5330284310127997
stage2_soh,166,-0.8798563401906537,0.9688036445266077,0.24230283774543354,0.1505892320377618,301.59210629645384,0.3049897113705152,0.1909924216374347,1284.9240957031714,2.8071388006210327,0.91015625,0.49235702495808004,0.2948693611615454,149.25117651027085,0.5767352683437232,0.38373440723074737,283.39916036280556,10.956451433664304,6.561746179635677,16.555445408846055,0.061423779698110546,0.04086869491658374,5.154246952276314,-0.5767352683437232,-0.5330284310127997
stage2_soh,167,-0.8681001157753064,0.9690347286412254,0.243989802329817,0.15145248698110492,301.67381301180006,0.3063420743322594,0.19124294114078064,1409.9238580138342,2.8951547145843506,0.91015625,0.49641028837786655,0.29709255620400654,164.17319759714027,0.5719743906441761,0.38256054951398255,363.74758767073484,11.0466488809266,6.6112190609554995,16.680270116663564,0.06091673437760813,0.040743676205843536,5.132105835525214,-0.5719743906441761,-0.5330284310127997
stage2_soh,168,-0.8916852039829926,0.9687046084774859,0.2433185931142802,0.1506999053840882,300.43381553688107,0.3050348973711435,0.19028500765660555,1448.8164767146368,2.83493709564209,0.91015625,0.49677430318537225,0.2998415460533579,167.21369419040286,0.5621281721919029,0.381544514099005,259.24387160948703,11.054749453257621,6.672392524998132,17.067529210478487,0.05986808674623547,0.04063546577948894,5.093121507865445,-0.5621281721919029,-0.5330284310127997
stage2_soh,169,-0.880137009175501,0.9691667767067212,0.24243701566158116,0.15031525485550723,304.4725723248826,0.305736514577762,0.19100186464660146,1283.4994908383658,2.7761889696121216,0.91015625,0.4946053085903761,0.2965876283342368,182.00917113962726,0.5710840125063806,0.3793381500809119,290.87388239463235,11.00648254794769,6.599982868919349,16.552483463182817,0.06082190673471994,0.04040048234995372,5.076253085504365,-0.5710840125063806,-0.5330284310127997
stage2_soh,170,-0.8948876190009244,0.9690347286412254,0.24220046576715587,0.15033503095646436,299.6195800692287,0.3034738185370426,0.1889897248453821,1423.6643888256654,3.0189382433891296,0.91015625,0.49432556494568747,0.29622948581527453,163.99486519596942,0.5960365704929909,0.4059107332432177,398.23878816349867,11.000257467114563,6.592013115263649,16.6448945525754,0.06347941785954248,0.0432305303802558,5.468292132928884,-0.5960365704929909,-0.5330284310127997
stage2_soh,171,-0.8866419654359721,0.9682424402482503,0.24340824515143833,0.15083715687323276,303.2888040752002,0.30521626071078145,0.1903176170998057,1426.2108827755571,2.9452196955680847,0.91015625,0.5013684724789168,0.30237481360381935,171.76787827246991,0.585101993500709,0.3942476342890586,297.333949458421,11.15698365807276,6.728765462530262,16.9578532003614,0.062314857566454024,0.04198838056572118,5.271449037068583,-0.585101993500709,-0.5330284310127997
stage2_soh,172,-0.8792933166759043,0.9693978608213389,0.24339476588309783,0.15063621898778926,297.6407843360838,0.30271874213913685,0.1895593673018746,1380.383577137367,2.843154549598694,0.91015625,0.4932852091287327,0.29600149712496204,146.58220838521615,0.5685334313948264,0.38359753151235054,286.48258261126205,10.977106339416443,6.586939664199903,16.501645315587073,0.060550263265320814,0.04085411735613117,5.136385275718027,-0.5685334313948264,-0.5330284310127997
stage2_soh,173,-0.8863992277357201,0.968506536379242,0.24254071185917406,0.15048132440665332,300.1208321599355,0.30060718623595883,0.18879835991948957,1369.818650819788,2.9539682865142822,0.91015625,0.49177210471915783,0.29265264203240804,140.66218693076195,0.5821542054370225,0.3899586784027633,280.6409052071399,10.943435084745902,6.5124173733563095,16.587153369401562,0.06200091048677736,0.04153159575521544,5.254925851868557,-0.5821542054370225,-0.5330284310127997
stage2_soh,174,-0.9047755431455177,0.9689687046084775,0.2429728500534247,0.15072547939078307,299.4303464358126,0.3001282651914345,0.18799326245241774,1449.7599122869333,2.852927267551422,0.91015625,0.49394318296627204,0.29773415157251293,159.59361399459988,0.5880539464266965,0.390215207116853,320.01166088607147,10.991748214227291,6.625496511062861,16.72340590231333,0.06262924763467494,0.041558916581806646,5.262994873939849,-0.5880539464266965,-0.5330284310127997
stage2_soh,175,-0.8915764302050723,0.9682424402482503,0.24237759945423257,0.15024354704348258,304.2327353185822,0.30526968663087123,0.1906043317202754,1411.2791017753261,2.8717907071113586,0.91015625,0.49969572351910213,0.3005063088858151,155.72250463123862,0.5740550833058113,0.38355691307151574,323.8527271549402,11.11975984912874,6.687185507726037,17.03603423024341,0.06113833352244426,0.0408497915258364,5.093940656936539,-0.5740550833058113,-0.5330284310127997
stage2_soh,176,-0.9037124430442225,0.9682094282318764,0.2420960940515704,0.15008221685435172,301.3780166452852,0.30213437045086405,0.18906926018941683,1389.2658760595868,2.882537066936493,0.91015625,0.49480603332934286,0.2989707490633009,163.60269118913453,0.587938264399005,0.390354223372924,348.753153307921,11.010949369186822,6.653014618812644,17.083530763967964,0.06261692769364947,0.04157372234658662,5.227003462091391,-0.587938264399005,-0.5330284310127997
stage2_soh,177,-0.9102408788831644,0.9687376204938598,0.2427058072282114,0.1504051540601936,298.70826746567025,0.30123244353517337,0.18871891862853551,1184.189787206866,3.0097668766975403,0.91015625,0.4945079880719884,0.2993192389694741,170.2842025876146,0.5895538912358957,0.39508239507813414,370.21145683782436,11.004316892368015,6.660769571023156,17.005696369970458,0.0627889959274405,0.04207728467962628,5.317158768232507,-0.5895538912358957,-0.5330284310127997
stage2_soh,178,-0.9130103113108828,0.9688696685593556,0.24220926907842708,0.15040456993161264,298.92154425936445,0.30211100308968325,0.1886504363584148,1386.9855343976064,2.9304991960525513,0.91015625,0.4963356521936651,0.29920182429486886,151.22262144415637,0.5930968078799995,0.397867099346513,282.0813531227036,11.044988070226006,6.658156743981554,16.800479724489033,0.06316632559416963,0.042373862822967276,5.3403291285272925,-0.5930968078799995,-0.5330284310127997
stage2_soh,179,-0.9250562833807797,0.9681103921827545,0.24297581980427563,0.15042628429805602,302.28427505832536,0.30205929938838755,0.18840637833767193,1379.54103449227,3.091833770275116,0.91015625,0.496942076812482,0.3024655302215251,163.27406117446398,0.5741450047307133,0.38971948908510967,268.40260306122855,11.058482824431046,6.730784184274809,16.76712885806347,0.06114791010704107,0.04150612149068964,5.228468984533707,-0.5741450047307133,-0.5330284310127997
stage2_soh,180,-0.9124830743681877,0.9689026805757296,0.2431660027768295,0.15088566628817376,299.06494863462814,0.30127212715597385,0.1887124120316652,1240.5602913586554,2.868135094642639,0.91015625,0.4958293135131231,0.30020352037536213,170.3757320610999,0.5778262467170383,0.3841531635407591,340.6718911929221,11.033720438814024,6.6804475523354565,17.133216868461425,0.061539971881273345,0.040913293622535596,5.150681663708642,-0.5778262467170383,-0.5330284310127997
stage2_soh,181,-0.9265212031143054,0.969331836788591,0.24392048684888518,0.15091969195828844,297.56218687169024,0.29949727083181005,0.1873013016924414,1323.3021066474823,3.0226004123687744,0.91015625,0.4917940975774107,0.2933580243329743,149.19620715916403,0.5766206093711795,0.39533701380787534,355.68876401356266,10.943924642436132,6.528114331131716,16.55606698684125,0.06141156823347553,0.0421044022010549,5.2780269413814676,-0.5766206093711795,-0.5330284310127997
stage2_soh,182,-0.92486114119753,0.9687706325102338,0.24344410200740527,0.15085544920438884,302.7810586975311,0.29966069095609726,0.18764002663165155,1232.9132414728103,2.962864935398102,0.91015625,0.49247343560765977,0.29776149459939916,153.28989509521568,0.5731967955449516,0.3850158884670236,260.4924438934586,10.959041800215633,6.626104976243521,16.73338501554812,0.061046923466199075,0.04100517603646585,5.160296234328159,-0.5731967955449516,-0.5330284310127997
stage2_soh,183,-0.9083630833083661,0.9690347286412254,0.2419597337570332,0.15009690094716446,300.22040660693676,0.3029988062136535,0.1888470142397622,1265.8350146652951,2.9918825030326843,0.91015625,0.49269889846772685,0.2931225246352369,158.51211175179563,0.5899939509313622,0.3977007960238552,216.80252441141303,10.964059103349,6.522873699368151,16.40496437269445,0.06283586331481025,0.04235615109273186,5.3380937645104956,-0.5899939509313622,-0.5330284310127997
stage2_soh,184,-0.9241818609836472,0.9695629209032087,0.24269522441062405,0.15026830894125814,300.4786759417764,0.29861882335849843,0.18671608566051717,1461.7640105543644,3.166079103946686,0.91015625,0.49124396663156117,0.29278674096713075,181.65368338322526,0.5829036088493486,0.393281253229361,294.8019054930664,10.931682438109496,6.515401486735469,16.503711817267977,0.06208072391865927,0.04188545851113955,5.273514901417134,-0.5829036088493486,-0.5330284310127997
stage2_soh,185,-0.9196826749491468,0.9682754522646243,0.2430895368732197,0.15045547280756977,295.6664555073745,0.2989618742668637,0.18743338059980402,1277.0618716430145,2.883279025554657,0.91015625,0.4972039082405492,0.2974388242510031,164.76824976451496,0.5612032283778896,0.3762837100739489,252.13358655919987,11.064309323170297,6.6189245810668655,16.65651557707396,0.059769578081281555,0.04007517677498548,5.034907846268079,-0.5612032283778896,-0.5330284310127997
stage2_soh,186,-0.9177760080115005,0.9691337646903473,0.24258983710773008,0.15095100125726363,301.09664991646326,0.2999944660407227,0.18762843708449795,1188.0149147575717,2.9053950905799866,0.91015625,0.4894046623291076,0.29452118718472775,165.2127311153504,0.5524922591106348,0.3742467562933598,394.7293273585057,10.890752275924976,6.5539982338171825,16.784432704250207,0.05884183752433941,0.03985823592930171,4.9845222203039965,-0.5524922591106348,-0.5330284310127997
stage2_soh,187,-0.9216103212814201,0.9685725604119899,0.24326964203338639,0.15106888083465225,302.37913457069465,0.3008324465611459,0.1868784278034775,1221.6749752872606,2.8185706734657288,0.91015625,0.4963495381250176,0.296595601917943,159.29444175615578,0.5838885476401198,0.3909515098457632,246.43459106038236,11.045297056938459,6.600160320932952,16.705171237372557,0.06218562246640163,0.04163733487863292,5.2234272417293575,-0.5838885476401198,-0.5330284310127997
stage2_soh,188,-0.9332547552768516,0.968539548395616,0.24222362853949467,0.1504318198095921,296.6668713836651,0.298925750578507,0.18605949853839568,1524.229960403611,3.1390439867973328,0.91015625,0.4901740415206382,0.2951624666166026,157.93899236363808,0.5923636994909827,0.3984147394685351,248.85333214160204,10.907873373102134,6.568268670995316,16.683987461701683,0.06308824794795455,0.0424321880178882,5.353124676051292,-0.5923636994909827,-0.5330284310127997
stage2_soh,189,-0.9316852744749888,0.9690017166248515,0.2430601783167688,0.15072009923582447,296.1229224888055,0.30030883197751207,0.18761853355809882,1284.653349171224,2.9993590116500854,0.91015625,0.4911654937672725,0.2960136314572992,149.71025091918494,0.5669867124667693,0.38238539774647506,286.47394256636846,10.92993622447449,6.587209703475328,16.862380486654992,0.06038553387818305,0.040725022101270145,5.141358517911039,-0.5669867124667693,-0.5330284310127997
stage2_soh,190,-0.9411605339171186,0.9696949689687047,0.24268837948894123,0.15051019649212807,301.9476042069837,0.29653334341612225,0.18504238380692903,1343.4676712965042,2.8315091133117676,0.91015625,0.4962056536381952,0.2964242125599412,163.8843965447635,0.5744850693742531,0.38778207470841153,391.0172806724298,11.042095154848868,6.5963463708491945,16.731388476102808,0.061184127770236574,0.041299781884933925,5.191851156534928,-0.5744850693742531,-0.5330284310127997
stage2_soh,191,-0.9372792197363106,0.9680113561336326,0.24218567571794633,0.1502786053355491,299.8423091177843,0.2985517786876787,0.18639700475456375,1388.084166752726,3.087814211845398,0.91015625,0.4942290160832607,0.29527657230210025,169.8271283212946,0.5990641393852996,0.39785431027212326,348.6631045714561,10.998108890954327,6.570807862067518,16.771414526045227,0.06380186168012268,0.042372500766355514,5.348258089304861,-0.5990641393852996,-0.5330284310127997
stage2_soh,192,-0.9354314840754508,0.9688366565429817,0.2420668254017437,0.15030631290975122,297.67481033414344,0.29791072074350683,0.1858638840369392,1272.1569163851086,2.8538424372673035,0.91015625,0.4924433699176755,0.2946626687848948,151.94526784414143,0.5466570857038054,0.3683330729691079,362.9769553260698,10.95837276901512,6.5571466084346,16.513315960525212,0.05822037653461734,0.039228413539235646,4.916222429698023,-0.5466570857038054,-0.5330284310127997
stage2_soh,193,-0.9471202395747175,0.9689687046084775,0.2429933347908844,0.15056170467890514,303.66345702225004,0.2973586987768738,0.1848454646066783,1372.6278288120077,3.145598530769348,0.91015625,0.49314337481922343,0.2969690289974096,162.48147131643793,0.5870094742092108,0.39521642088402587,331.9820606738662,10.97395016624964,6.608470227046077,16.842723173675285,0.06251800910883094,0.042091558834506146,5.284324300466213,-0.5870094742092108,-0.5330284310127997
stage2_soh,194,-0.9358416028182068,0.9690347286412254,0.24434850518768353,0.15121682290433355,302.70394590004315,0.2988894567909048,0.1854342188979346,1302.92404685469,2.882551670074463,0.91015625,0.49244825774817386,0.2979289771828917,156.92871873011023,0.5661407673974792,0.3843935014456292,323.92816661513933,10.958481644772489,6.62983200664485,16.915976815954988,0.060295438507325105,0.04093889031029706,5.143141010828291,-0.5661407673974792,-0.5330284310127997
stage2_soh,195,-0.955690445192232,0.9681764162155024,0.24272401802040483,0.1505287330357891,295.43660367375315,0.2961183446447422,0.18427493081660665,1238.2907767803158,2.8435111045837402,0.91015625,0.4932072427397227,0.29651615168722856,151.22229134788873,0.5898494453893215,0.39632159585744375,426.88285552644345,10.975371273220869,6.598392291255273,16.610374246528014,0.06282047316625972,0.0422092627236165,5.323580175893017,-0.5898494453893215,-0.5330284310127997
stage2_soh,196,-0.9637340685500504,0.9688696685593556,0.24251603229792745,0.150324696406848,304.2756565751015,0.29598304463305886,0.1843930544925291,1220.3581409892713,3.1116833686828613,0.91015625,0.49180133586904534,0.2961515377792239,150.1254697291093,0.585482116895559,0.40075342261843616,449.82963081056965,10.944085590053703,6.590278524632261,16.684350874063732,0.062355341553295446,0.0426812636032384,5.3728012275682895,-0.585482116895559,-0.5330284310127997
stage2_soh,197,-0.9488502161892909,0.9691337646903473,0.2425389453656102,0.14999096204810683,297.72313385230365,0.2960130993944731,0.18447720443651083,1260.8080110093233,3.056353807449341,0.91015625,0.49255130167559485,0.29456800680054585,162.48087339879257,0.5771716699888851,0.38567827077895345,312.4376734184913,10.960774682375504,6.555040124962284,16.479775626919775,0.061470257871147314,0.04107572146780711,5.167063090959855,-0.5771716699888851,-0.5330284310127997
stage2_soh,198,-0.9726322600788946,0.9682424402482503,0.24317039661933404,0.15090615186277911,301.7628484201624,0.2949556225095898,0.18333405879289333,1362.8757985949271,2.9930702447891235,0.91015625,0.49952780705343214,0.29943951527093304,158.65628707852736,0.5671140689837771,0.3812567205141022,321.1841589558642,11.116023258725686,6.663446090775006,16.810789264175064,0.06039909740372579,0.04060481498834934,5.092105197197282,-0.5671140689837771,-0.5330284310127997
stage2_soh,199,-0.9696439366020773,0.9689687046084775,0.24274335971266925,0.15032392846823533,297.96190284894755,0.2930878606099399,0.1830212773333116,1285.8344412819126,3.0155669450759888,0.91015625,0.4901761304198199,0.2932094116404187,162.67587815925643,0.5695056113252962,0.3806196318464572,451.34756619051853,10.907919900767315,6.524807220089233,16.619821874755807,0.06065380274336584,0.04053696336223257,5.0842102094675194,-0.5695056113252962,-0.5330284310127997
