true_label,pulse_ms,n,cls_acc,soc_medae,soh_medae,soc_mae,soh_mae,soc_q25,soc_q75,soh_q25,soh_q75,x,cls_acc_pct
LFP_35Ah,30.0,9,0.8888888888888888,2.5715469078350353,2.8075853119437113,3.09952289383825,4.8642509280046955,1.1981254621438318,3.194617665491286,1.174140295549364,5.780271069314736,0,88.88888888888889
LFP_35Ah,50.0,9,1.0,3.216581457400693,3.4841336618532637,4.698744586834788,3.4023451755212193,0.6956837839228314,8.504972456812872,0.8727239341617121,4.204044666181815,1,100.0
LFP_35Ah,70.0,9,1.0,4.705509043217269,2.6392773177611133,4.707083924293223,3.0029038427855284,1.0395025344978706,6.8791081743184,1.177154375368545,3.2738298156035484,2,100.0
LFP_35Ah,100.0,9,1.0,2.701375292018053,2.9226465125940706,6.6332974706889525,3.6093612125738526,0.38398027678255886,7.784131272085023,1.9145180781380446,4.369385220995667,3,100.0
LFP_35Ah,300.0,9,1.0,2.751849931589545,2.7259120334530422,4.242814005208899,3.8918329388603845,1.2438082790122706,8.189261228338516,1.6196935143742195,5.593566451050151,4,100.0
LFP_35Ah,500.0,9,1.0,1.660966373478459,3.0622684163281804,2.8315613035071667,3.908353693469072,0.5241737548284036,4.283183821871965,1.342197696125524,5.315647548580088,5,100.0
LFP_35Ah,700.0,9,1.0,2.001487305449608,3.400516978561029,2.640008356759909,4.020712857358886,0.4003082053844196,3.566974456078686,1.3123250409978908,5.085506174892743,6,100.0
LFP_35Ah,1000.0,9,1.0,3.7681965217477256,2.7462181788399107,3.267036301457014,3.565045907192287,3.305519925163921,4.493631887218008,0.80996501839698,5.269999986400549,7,100.0
LFP_35Ah,3000.0,9,1.0,2.6920690417462865,2.9172125048630164,2.7534253285095533,3.1175333854085574,0.871548319721029,4.040158491846787,1.5990901349305062,3.260595153015288,8,100.0
LFP_35Ah,5000.0,9,1.0,3.9964389958304807,2.2429316713595995,2.9629342583228593,2.9091120830035746,1.5285403737114436,4.5183213806296685,0.7708447477267981,4.107757037338402,9,100.0
LFP_68Ah,30.0,22,1.0,2.8985938644318665,2.3738615935610454,4.399346919533305,4.145152047811524,1.891110073686638,6.661474696215972,0.7457077213443775,6.427400806905105,0,100.0
LFP_68Ah,50.0,22,0.9545454545454546,5.050847000557566,2.719423961424148,4.654911941034692,4.423952855554606,1.0869478799245513,5.468198094387985,1.1230725312615135,6.242442102755252,1,95.45454545454545
LFP_68Ah,70.0,22,0.9545454545454546,3.984653267472172,2.336585814364362,5.5453846640762565,4.125922847784608,2.5659464443249673,7.943802100059134,0.9029093520470255,6.235865927706019,2,95.45454545454545
LFP_68Ah,100.0,22,0.9545454545454546,3.290935623120717,2.6944317057152176,4.746146235832733,4.413003670415687,2.2218212823881682,4.874016555999635,0.9554690443594751,5.932382337049834,3,95.45454545454545
LFP_68Ah,300.0,22,0.9545454545454546,4.588724862628393,3.355638926994949,7.214802426430153,5.164280095417891,3.0267539813440525,8.830091658162054,1.7291725102267819,6.389352599596453,4,95.45454545454545
LFP_68Ah,500.0,22,1.0,3.3124812497409426,2.8433875512036977,5.0987590927285105,4.680055231394068,2.4310848224265857,6.815990418319496,1.160887276930012,6.86084907736079,5,100.0
LFP_68Ah,700.0,22,1.0,3.4350885726596,2.575000452964467,4.42439620662855,4.7449005048398485,1.959210330454634,5.896805328974178,1.2051056638014828,7.210679468868626,6,100.0
LFP_68Ah,1000.0,22,1.0,4.045464015767855,2.5078977104712337,4.648433489818204,4.293343284728599,2.1947459918528294,7.567394063796494,0.7928361351170352,6.530606420081682,7,100.0
LFP_68Ah,3000.0,22,1.0,3.7411368170717,2.870468721026178,4.197744843030007,4.837682730192415,1.6175892689459617,4.736739291715071,1.2549925118948337,6.776396613501575,8,100.0
LFP_68Ah,5000.0,22,1.0,4.0388996020933945,2.940418653653815,4.170224532121749,4.951329838391168,2.231651244476421,5.62319200391972,1.565201944532891,7.309981083657409,9,100.0
LMO_10Ah,30.0,26,0.8846153846153846,0.6738821512730695,1.5024694616505343,1.9238035067056076,2.2222126029238427,0.4043761146645819,1.600518359114604,0.775842311514257,2.3588295542593833,0,88.46153846153845
LMO_10Ah,50.0,26,0.8461538461538461,1.1995354849904292,1.7620284693933286,2.645766122190106,2.5710262913313193,0.5192538462070919,1.821228552167808,0.6658729832231209,2.6167529841733153,1,84.61538461538461
LMO_10Ah,70.0,26,0.8846153846153846,1.0043869302422515,1.4013453762026202,2.4178406228904916,2.3113876603737036,0.4254327764006849,1.9196913893296452,0.7285344283516721,2.588648792632423,2,88.46153846153845
LMO_10Ah,100.0,26,0.8846153846153846,0.7594100516629378,1.3908098518158027,2.2389263271406605,2.3740232556255045,0.21995991631510847,1.4283209770438656,0.7216070566397192,2.7973655196907288,3,88.46153846153845
LMO_10Ah,300.0,26,0.8846153846153846,0.7181163122606655,1.3384523889058357,1.6290182922360439,2.6826926752809896,0.33700710827983826,1.2427749697013564,0.5057548940296392,2.674629435296044,4,88.46153846153845
LMO_10Ah,500.0,26,0.8846153846153846,0.582308927154731,1.875701523756831,1.474623814692986,2.6464365296050683,0.3612201966886879,1.5206199384622483,0.9092295728024347,2.3594663149849318,5,88.46153846153845
LMO_10Ah,700.0,26,0.8846153846153846,0.894784846269479,1.328765562613313,1.468737558879914,2.550093619362094,0.5215823570074534,1.373321629868796,0.6792815593553065,2.551373349405086,6,88.46153846153845
LMO_10Ah,1000.0,26,0.9230769230769231,0.9536184806420529,1.498571110512188,1.5798275852805819,2.3336898832585335,0.43280306397761414,1.3377117549046051,0.67976203504616,2.3304591959446945,7,92.3076923076923
LMO_10Ah,3000.0,26,0.9230769230769231,0.7242536588818851,1.2257104044151106,1.3588117032321518,2.2526518027038764,0.3441281464630457,1.815886581792494,0.617327151834349,2.0175024060929125,8,92.3076923076923
LMO_10Ah,5000.0,26,0.9230769230769231,1.3564675127081767,1.3472900427944126,1.6319247295365011,2.2543403815973715,0.5930624653994787,2.231441322433819,0.5584526741244211,2.4671130278971507,9,92.3076923076923
LMO_24Ah,30.0,16,1.0,2.040890015857812,2.73624170744516,6.909146177119496,3.087527987529624,1.2305786202730067,5.825007409988158,1.2099844303103389,3.8819823659394643,0,100.0
LMO_24Ah,50.0,16,1.0,2.35030613233719,3.2394820487847085,7.450913610568358,3.8961848277552367,1.0673871290682673,5.7096903313104495,1.2588401835395224,6.135904019515298,1,100.0
LMO_24Ah,70.0,16,1.0,2.128839693493372,2.5805411803702114,7.806679388637452,5.100365743342421,1.3456352990353189,5.101014648442712,1.1964739171259424,4.236573771641048,2,100.0
LMO_24Ah,100.0,16,1.0,2.517563294427399,2.542850004721302,7.461070419732847,4.509196565739303,1.1218121207470242,6.012712141748748,1.1480276907668703,6.190383425290001,3,100.0
LMO_24Ah,300.0,16,0.9375,3.9444062677489544,2.565125167631642,9.193076580351928,6.973064066758033,1.559694806952134,8.302656603724586,1.1550933632720444,8.798024762691487,4,93.75
LMO_24Ah,500.0,16,0.9375,3.565631585072733,2.331243704130941,9.37977960976363,7.374207335660204,1.9722316112291214,8.517299254909444,1.6936588655472207,8.619362351362565,5,93.75
LMO_24Ah,700.0,16,0.9375,4.309445663196865,2.550190104893602,9.568330599797516,7.26490047469032,1.082384539286716,10.109360005501427,1.3996607073234095,8.824441755701631,6,93.75
LMO_24Ah,1000.0,16,1.0,2.7812276183205373,2.4129263107116827,7.732728455212408,4.461025692198239,0.9077443224795143,5.515488410256625,1.3965575758646125,4.893224514888711,7,100.0
LMO_24Ah,3000.0,16,1.0,2.0633616746509382,2.207180501293017,6.59896280940896,2.6961050158660846,0.9306392865792317,4.672826325277271,1.097652723680028,3.7892069705225637,8,100.0
LMO_24Ah,5000.0,16,0.9375,1.5828839541463484,1.3863666769753848,6.281939943824893,2.3572696634072106,0.9003373915525064,4.201147071064234,0.3640863440901718,2.7718641814892493,9,93.75
LMO_25Ah,30.0,15,0.7333333333333333,3.072872207431132,4.591213369180906,3.8439124963981404,6.780338830378787,1.0944629170246394,5.407665684254027,2.950996574407675,10.101142583519984,0,73.33333333333333
LMO_25Ah,50.0,15,0.8,3.282339524289685,6.124678809349476,4.388549956682829,7.217293038953003,1.0722776069446134,7.398769242551744,2.4425079373339074,12.243553649429046,1,80.0
LMO_25Ah,70.0,15,0.8,3.1133728918856916,4.487876500685928,4.364451841620907,6.792418606244696,1.7533455025880862,6.425179638693901,2.7279259522915353,9.824685029128425,2,80.0
LMO_25Ah,100.0,15,0.6,4.480625985044057,6.186028076789242,4.175327514422124,7.70346744976293,1.7210396639907977,6.1786471587097545,3.612577588759052,12.274559272243629,3,60.0
LMO_25Ah,300.0,15,0.8,1.440778058001655,5.4648150924296885,2.3020902375014924,6.87662587160522,1.0161985244947318,3.7482953690918177,2.9711086480898388,10.597879665039876,4,80.0
LMO_25Ah,500.0,15,0.8666666666666667,2.6146970225654425,5.892489208424578,3.085360596898318,6.7623972319803105,1.2481915532329548,4.270590779162742,2.769940164095253,11.014715488978332,5,86.66666666666667
LMO_25Ah,700.0,15,0.8666666666666667,2.515687685485645,4.102914098501813,2.7177928282571573,5.357279017516987,0.9948376068880354,3.966275218046377,2.0249568346574165,9.323043822825124,6,86.66666666666667
LMO_25Ah,1000.0,15,0.8666666666666667,1.9486754502095351,4.882212151185158,3.295877045202094,6.434859916642535,1.4787498538795063,4.967354298360384,2.1102456176227307,10.545743546640331,7,86.66666666666667
LMO_25Ah,3000.0,15,0.8666666666666667,1.6525852434410098,2.9267695284104747,2.7095024582156926,4.155796819840208,1.410047489666237,2.8885836804823843,1.119273438066898,6.224794986758827,8,86.66666666666667
LMO_25Ah,5000.0,15,0.9333333333333333,2.2266767749845826,2.1104038987105866,2.8567035790279136,3.768164415902094,1.3268161615006626,3.984353488390959,0.30813748744684943,5.461419430484867,9,93.33333333333333
LMO_26Ah,30.0,15,0.7333333333333333,5.031444346689085,6.551369365201921,6.430353458649479,7.595069160248003,3.482652304294241,10.500857972296313,4.627348334818251,11.02924740826385,0,73.33333333333333
LMO_26Ah,50.0,15,0.7333333333333333,5.288410730446856,6.510667271798283,6.95578969571658,7.529123768911097,2.5284727327170096,10.122387545490692,3.6710905140452255,10.36796961612886,1,73.33333333333333
LMO_26Ah,70.0,15,0.8666666666666667,4.4565184742513395,5.816635235216339,5.7328519766479555,6.720787237413492,1.4163937323991505,8.770440761017749,2.7518181949537706,9.410012393232655,2,86.66666666666667
LMO_26Ah,100.0,15,0.7333333333333333,5.041900136988531,6.6850715681078015,5.953299531391076,6.9181120845246795,3.5778447639130064,5.807490810903321,3.619019425477056,8.104996276428018,3,73.33333333333333
LMO_26Ah,300.0,15,0.8,3.712847487580241,6.288455090887496,4.489999807200904,6.410858880518346,1.6660746388676237,7.642325818249589,3.5294143850325455,7.553937151246302,4,80.0
LMO_26Ah,500.0,15,0.8,4.866465041356463,5.623699344080734,5.249494630463166,6.316170207527528,1.4301000863035114,8.654897645928273,3.721199027796196,7.539387386059637,5,80.0
LMO_26Ah,700.0,15,0.8,4.5096456944319385,5.856505073260763,5.202783135826404,6.1087933367620355,1.8963444353099046,7.730968569203444,2.785713944661687,7.484410864229979,6,80.0
LMO_26Ah,1000.0,15,0.8666666666666667,4.421401875153634,4.674567818516991,5.013569377851197,6.029746310887631,1.945486318103292,8.384577165267281,3.3847508857637436,8.709746326854749,7,86.66666666666667
LMO_26Ah,3000.0,15,1.0,4.835035990248926,3.3221985713839928,5.556297053605099,4.439243808045893,2.5680203584554038,7.984174781498936,2.2133198865478434,5.59506526959219,8,100.0
LMO_26Ah,5000.0,15,1.0,4.785820489141358,3.5153361231788978,4.785428797705406,3.9292540796962507,1.219878015917467,6.492692938632537,1.6670016544545447,5.4341263084714555,9,100.0
NMC_15Ah,30.0,15,0.9333333333333333,0.7226625747760593,1.7641385149905915,1.16234686196225,2.3328330631179814,0.2134055650538107,1.4889847892363761,1.2232866820259076,2.4835486483126914,0,93.33333333333333
NMC_15Ah,50.0,15,0.9333333333333333,0.3907525813636923,1.5448107692571114,1.7312720569734628,1.826991691896155,0.1121558436015695,1.7212200620219722,1.2239472372863176,2.398837258313158,1,93.33333333333333
NMC_15Ah,70.0,15,0.8666666666666667,0.5668079610349182,1.7315743106161392,1.9859977247447549,2.107370808296531,0.20995677916373623,2.2594251525020823,1.1936663596401758,2.6802227320229974,2,86.66666666666667
NMC_15Ah,100.0,15,0.9333333333333333,0.23560248162482367,1.8341687560262017,0.9293565703579462,2.525160551975906,0.07445530799852573,1.4190447378416309,1.1796603114330466,2.3742234325469127,3,93.33333333333333
NMC_15Ah,300.0,15,0.9333333333333333,0.34091646460291614,1.7100722724600956,1.2690045781427641,1.932634620386427,0.14803117559508916,1.229860012674564,1.3640039248802012,2.4038383794230924,4,93.33333333333333
NMC_15Ah,500.0,15,1.0,0.7544457896653896,1.5839071663408077,0.880114175352707,1.864255040227035,0.12209033664917257,1.3354955783562072,1.309106375609801,2.4874311891288414,5,100.0
NMC_15Ah,700.0,15,1.0,0.43949470344644226,1.608594035795491,0.7916568961246507,1.6806794079093617,0.16160844873908786,1.2394598242645145,1.1950861265713542,1.8534293648077096,6,100.0
NMC_15Ah,1000.0,15,1.0,0.8733486522784588,1.6174408596709355,0.8796486887417525,1.7732209759077173,0.20376770075415607,1.6019786214864293,1.206015486083487,2.0789128594794803,7,100.0
NMC_15Ah,3000.0,15,1.0,0.9026653220283052,1.734749655721501,0.9426096355206754,1.6846752665746512,0.3411628538256348,1.24321667958651,1.2431270553215157,2.0194796449839174,8,100.0
NMC_15Ah,5000.0,15,1.0,0.7162518123888333,1.857889931002532,0.8626965575282871,1.7604041168932032,0.21248069353001497,1.3401298843960046,1.2959272072523689,2.1904891489163276,9,100.0
NMC_21Ah,30.0,10,1.0,0.9995420492947318,0.6455955335710186,1.582927544810317,1.2813859598767678,0.6298633735965966,1.5809009022595575,0.39308951054985997,1.4609806169711916,0,100.0
NMC_21Ah,50.0,10,1.0,0.9140059207317961,0.8480081318174442,1.672810329114892,1.5288022478966325,0.6358652558874187,1.810300543492641,0.421363742105747,1.530599819274638,1,100.0
NMC_21Ah,70.0,10,0.9,1.5429803873822294,1.0513990727999882,3.0781173351110684,3.2563798325854494,0.3663207520516938,1.6986850649495242,0.5752427619630893,1.723244711549171,2,90.0
NMC_21Ah,100.0,10,0.9,1.2585455380258495,1.0792113267419268,3.455889311269677,3.450730723840087,0.6022288574549677,1.9973279536012516,0.36389385341772496,1.7357589372818012,3,90.0
NMC_21Ah,300.0,10,0.8,1.2473814201628137,1.1957967017385371,4.1581926251909875,5.102269491903404,0.3808809291743822,6.331401512904106,0.7835096063039408,6.598405449163469,4,80.0
NMC_21Ah,500.0,10,0.8,0.8314936561339792,1.1851480742594944,3.2480729016875785,3.495346668920726,0.46274117841573137,2.066508028547574,0.5868260364003035,1.779143409945398,5,80.0
NMC_21Ah,700.0,10,0.9,0.908603534425783,1.03157735568454,3.1205741309215433,3.3257352297819693,0.4794757487192971,1.825792887647717,0.6399107741302963,1.4605276314780227,6,90.0
NMC_21Ah,1000.0,10,0.9,0.7968147875530907,0.8239618966172273,2.7063235619291124,3.079404469589228,0.18313691433337453,1.4819021768286404,0.6266794317096824,1.8602003230261168,7,90.0
NMC_21Ah,3000.0,10,1.0,0.8367185667574368,0.9378702085746795,1.4380633495044084,1.2958251871959603,0.36171040512541364,1.1610496873693563,0.3229011662925316,1.4059872867927865,8,100.0
NMC_21Ah,5000.0,10,1.0,1.1704629246168565,0.7117958821632868,1.5371740527021849,1.205295029464955,1.012715416552755,1.3171986085602327,0.40784844629888894,1.375313048330959,9,100.0
