stage,epoch,train_loss,train_cls_acc,train_soc_rmse,train_soc_mae,train_soc_mape,train_soc_medape,train_soh_rmse,train_soh_mae,train_soh_mape,train_soh_medape,train_score,val_loss,val_cls_acc,val_soc_rmse,val_soc_mae,val_soc_mape,val_soc_medape,val_soh_rmse,val_soh_mae,val_soh_mape,val_soh_medape,val_soc_rmse_raw,val_soc_mae_raw,val_soc_mape_raw,val_soc_medape_raw,val_soh_rmse_raw,val_soh_mae_raw,val_soh_mape_raw,val_soh_medape_raw,val_score,test_loss,test_cls_acc,test_soc_rmse,test_soc_mae,test_soc_mape,test_soc_medape,test_soh_rmse,test_soh_mae,test_soh_mape,test_soh_medape,test_soc_rmse_raw,test_soc_mae_raw,test_soc_mape_raw,test_soc_medape_raw,test_soh_rmse_raw,test_soh_mae_raw,test_soh_mape_raw,test_soh_medape_raw,test_score,score,best_score_so_far
finetune,0,-2.516108257474662,0.9859601249944985,0.15007006701092965,0.08916932310590585,182.477838875652,6.68561008385707,0.3345347032357881,0.22603283005766583,126.67040765663792,23.15311534328162,0.9374996479698267,4.226404996011771,0.9568627450980393,0.28927811134278847,0.19883916162903986,119.87904938452421,24.346036710569948,0.5944440755370424,0.4026523488975477,143.99601190635636,43.52311477483812,6.437664718580156,4.425014563146407,10.995406066973011,7.016832037111067,0.06307127495734718,0.04272192802425599,5.603012331847521,3.4210887181510907,0.8684905264100562,3.149681258201599,0.87421875,0.3866702139502866,0.21045561651917524,94.49571111669788,16.7548059914702,0.6200297475824825,0.4058843983197221,205.72579882729792,46.15216978419434,8.60505201212368,4.68352994633275,10.951087305006276,6.026159164159097,0.06578594741007297,0.043064852592218976,5.354058547653946,2.894361190125365,0.7735487538467232,0.8684905264100562,0.8684905264100562
finetune,1,-2.7210676396268934,0.9864295878995937,0.151330213125648,0.08871632038261823,185.23312840126565,6.401362107758933,0.31179150081719814,0.2089744894587252,117.49514629215427,20.863197223170307,0.940117416505309,4.1257350622438915,0.9647058823529412,0.32739347761454507,0.198192500365058,107.82604963737117,20.896039568214732,0.5760559946736038,0.39445409394855446,133.2454507282453,43.283225837491926,7.285893253896762,4.41062360772747,10.665685513308663,7.266698727132906,0.0611202761135483,0.04185208271275005,5.5063216728243445,3.0122370307807946,0.8743609351241263,3.6891924142837524,0.8640625,0.3918892434043115,0.2158765450662031,97.72138816915222,19.1985387808052,0.6555552303540264,0.4285723247568967,233.31168478189156,45.38280699578141,8.721197549805217,4.804168595026746,11.475381782210933,6.372005085979239,0.06955524646457574,0.04547207053822731,5.625668811091255,2.9687607499778785,0.7593180526241662,0.8743609351241263,0.8743609351241263
finetune,2,-2.6362217946831366,0.98290861611138,0.15733284504910577,0.09236067545339009,191.27406571929552,6.795295156500934,0.32070759287052486,0.21625976906168864,118.64618141013925,22.15228319664954,0.9351045723194169,4.345843513339173,0.9862745098039216,0.29280990897757825,0.19848232807993305,113.06511802831955,23.959695853072695,0.5126655516694222,0.3628779570626862,127.95041615985706,42.20253116771424,6.516262193242553,4.417073503455347,11.19842255976511,7.289506582536168,0.05439446922116276,0.03850181429629691,5.017238474848092,3.3423647234611735,0.9057269637392216,3.125989031791687,0.89765625,0.38474686927877544,0.20738446151335665,101.92998398084005,17.95525249779515,0.5771251147687638,0.3885528943850659,188.41863845242136,45.37397117964,8.562249436858025,4.615183723611388,10.96071656472563,5.914797074077332,0.061233711119899975,0.04122595790881334,5.151558329018124,2.8903503478703616,0.8014690515952461,0.9057269637392216,0.9057269637392216
finetune,3,-2.7276247459497975,0.9850211991843082,0.15473222443507023,0.09064412106787077,190.65051658289082,6.5580932761462485,0.3090190552586404,0.2074343065661873,115.75656179404324,20.931211786404273,0.9386460712149371,4.026691969703226,0.9372549019607843,0.42979047485425187,0.24558387410772198,123.23506711718683,26.078093138432045,0.4982570270743279,0.3420046031977251,107.92348989855893,36.37274591736814,9.56466067725523,5.465282646021138,12.968299995614654,7.469030788649517,0.05286570637556475,0.036287124815693406,4.764193729451288,3.0397805971113403,0.8444501517679264,3.2521512031555178,0.83359375,0.46692798740610064,0.2567532198732806,135.71381667445013,19.464672759199587,0.5995781442435739,0.3984014726094756,179.7616526819374,45.35202786339933,10.39112782052125,5.713847955130731,13.54809258657384,6.8185208988272095,0.06361600619846017,0.04227090462574295,5.2195715746261895,3.0713541029394307,0.7269431368350325,0.8444501517679264,0.9057269637392216
finetune,4,-2.7646899403602765,0.9871924651203732,0.14827834643036852,0.08724655355947618,179.62548655352194,6.330175623844431,0.2984554913299903,0.2000488579798771,109.24360220135756,20.170269922411077,0.9425190813443373,4.792259429482852,0.9764705882352941,0.2963995762613352,0.1899456007561336,113.39278348800826,22.62522756980344,0.5620951996749344,0.38011980284023666,125.72613185281564,42.6949953643545,6.596147513002193,4.227095118815519,10.350027936051744,6.262684777915306,0.05963901794945819,0.04033119613482497,5.408143625953455,3.062976153134417,0.8906211106416672,3.2428032636642454,0.89140625,0.38608833830843664,0.2038931637602218,86.27383628671853,17.425734078163284,0.6102662496323139,0.39061749471602525,191.06191865661233,44.02762143495923,8.592102811533458,4.537487543063593,11.028624817335801,5.932578694510355,0.06475002781880738,0.04144501463847008,5.212342741793696,2.5146309270449656,0.7917707912059249,0.8906211106416672,0.9057269637392216
finetune,5,-2.715513645339061,0.9856080278156771,0.15368695471130867,0.09024760685880238,188.786335899592,6.602827972491252,0.3036683708468721,0.20231466056006264,109.34192338278781,20.51139366552148,0.939872495259859,3.9404311292311727,0.9607843137254902,0.32650672361648503,0.20317719918767027,117.25139624451143,23.575312158468186,0.5867894014171157,0.40059334959871334,141.92844442410873,46.049682464366384,7.266159216983728,4.521554295134555,11.142782416201472,6.779604657239515,0.062259104265443795,0.042503465571254936,5.6915125402569515,3.6592680531544906,0.8694547012221301,3.17807252407074,0.884375,0.39400501573825153,0.21778695971661363,97.5209060525,17.852242960390154,0.6775542004919671,0.43679005144658734,234.18840858016728,49.990055145572384,8.768282456587578,4.846683422490594,11.797109834594412,6.207590021748709,0.07188936526808978,0.046343981826268255,5.807715145983396,3.0399733038798997,0.7772190783769781,0.8694547012221301,0.9057269637392216
finetune,6,-2.681124935812904,0.9823657996273638,0.16007441340504192,0.0946714208282589,193.5427238113985,7.013250344049264,0.3089906162867025,0.20536173638770092,109.5287378885913,20.57063890500657,0.9354592966581894,4.411868590934604,0.9549019607843138,0.3142550002916561,0.19563220093830253,117.45543342400194,23.295688934799472,0.5560284744259145,0.375513317922185,116.69682659749228,44.38780671076081,6.9935064171436645,4.353646088024662,10.48322694394892,7.165628112855103,0.05899533065906687,0.039842442206895194,5.333311723019783,3.1278243722061356,0.8678736133125567,3.494677448272705,0.86484375,0.3940404925214669,0.21064254720877215,133.33150359538217,16.96778805099059,0.6440673619944524,0.417795566939094,195.79870083650584,48.399863844164834,8.769071965460457,4.687689946892943,11.04199879022941,6.094211060337953,0.06833636897248212,0.04432864278203123,5.5531155244256265,2.9489787817570665,0.7610329645484081,0.8678736133125567,0.9057269637392216
finetune,7,-2.826479520676427,0.9873245015624312,0.1504132050584794,0.08793386163656276,186.6324076740628,6.345364327313867,0.2938686040054551,0.19586713660149038,105.9068558098263,19.711779751542817,0.9428963206560378,3.9991391742930693,0.9647058823529412,0.2984564037026409,0.1967993826714947,107.35265220551636,23.30777745961433,0.49349676411700877,0.3472823719147081,107.44968372819878,42.51159748255274,6.641920645955938,4.3796208312538125,11.216156513214882,7.121602367026213,0.05236063640143958,0.03684710281128432,4.8672212308247085,2.970254999408709,0.8855105655709762,3.208493185043335,0.8546875,0.3874354486589849,0.21083731881481071,97.91451488114744,16.846855707134708,0.6627141393316177,0.4319178405803541,201.59747785323304,48.476809183252556,8.622081729521767,4.692024441094925,11.393911873698775,5.852914981536822,0.07031481584225414,0.04582703403615571,5.7256260097002025,3.1275023806211015,0.7496725412009397,0.8855105655709762,0.9057269637392216
finetune,8,-2.7239724307119495,0.9824978360694219,0.1590313048712245,0.0933845961519028,191.90122111907758,6.902299518053286,0.3027778090237986,0.1999021069499756,105.0191218492175,20.07355215464349,0.9363169246799196,4.656490948620965,0.9098039215686274,0.32567258853453823,0.21067682594316556,133.5284176957055,22.33981452488065,0.7066864693569627,0.461086569605943,126.59832531135518,49.151979899818684,7.247596174095165,4.6884527940989695,11.52180470421428,7.391148236054345,0.07498033616902024,0.04892187340665025,6.389919850580804,3.344181283260011,0.8065680157794773,3.772666704654694,0.8515625,0.39702547220705287,0.2175491939227868,95.41314017134547,17.75562888849006,0.7151157510708702,0.4616705254138651,211.80707507650823,51.38878099435121,8.835500421863106,4.841392125284942,11.422902101021961,6.6501668262885305,0.07587469371508626,0.048983831863030056,6.201933287439944,3.023940226732522,0.7403483776722077,0.8065680157794773,0.9057269637392216
finetune,9,-2.811554612442251,0.9832020304270646,0.1537083569364502,0.09021341782802901,184.31687121132708,6.524429988287382,0.28785062030770825,0.19175940867403948,100.9322528318721,19.144245137041725,0.9390461327026487,4.546017948786417,0.9450980392156862,0.3327867232102685,0.20671801745855048,122.8186973429442,24.434789045480727,0.5987123449613997,0.4145597540819104,147.72216395884055,51.26219492980825,7.405915839529188,4.6003525172037625,11.019968238577773,7.49741856996879,0.06352414378981468,0.04398531890881143,5.869048545326971,3.3273333113334194,0.8519481323985194,3.54568293094635,0.8703125,0.38249992225806834,0.20847643082179274,87.58608758787952,18.706888483813238,0.659289065715106,0.4294635994981945,243.43801018702007,50.94283897059158,8.512245337022819,4.639484671436511,11.139792561453486,6.512953989199142,0.06995141116096264,0.0455666359255939,5.666080668038843,2.987699539106635,0.7661336012026826,0.8519481323985194,0.9057269637392216
finetune,10,-2.784272753265268,0.9857253935419509,0.15388441231848848,0.09068449263893182,187.1589673131388,6.652576179126872,0.290660865376908,0.19226126686347694,101.78753135084983,19.28183953088891,0.9412708657724113,4.008673914741068,0.9431372549019608,0.3273583496445784,0.2033900560719856,103.97491391095687,22.460742502298757,0.5003190753314772,0.3482715441626223,103.66729745531798,43.442875495775695,7.28511150759788,4.526291263472404,10.852098696257517,6.89488388258915,0.05308449232693365,0.03695205524902542,4.864332270592368,3.1216959656298986,0.8603695124043552,3.2186001777648925,0.86015625,0.3981764384905054,0.21403790977383325,95.74301146241109,17.63297799088162,0.553861170106381,0.36966865690355916,181.09485637218046,42.716292398436,8.861114302570718,4.763251162673906,11.040957869072738,5.967211445075939,0.05876537690516655,0.039222316214714684,4.89373836596594,2.602668478186059,0.7649524891403113,0.8603695124043552,0.9057269637392216
finetune,11,-2.8586258386244503,0.9851385649105819,0.1500300693376019,0.08828299022451015,182.983626372862,6.416118977733774,0.28645814566246713,0.18913585262391275,99.81807415782454,18.85462072955597,0.941489743410575,4.284110086104449,0.9588235294117647,0.29818036310549334,0.20162029401125275,115.72254328412326,22.93180124638201,0.5548726851448069,0.373345860860347,113.21780229689446,44.7760491246103,6.635777572064505,4.486906552594088,11.173919031849065,7.402662000040953,0.058872699941491566,0.039612472246841474,5.252414100428691,2.750600174633166,0.8735182245867347,3.168211650848389,0.878125,0.3722324759358807,0.20160128694442392,82.2411482095001,18.887925284612365,0.5652401750335647,0.3768972655429025,183.06860477616857,45.50849433006985,8.283751115211691,4.486483564753909,10.805746106773805,6.143471984390875,0.05997270384816792,0.03998928081544551,5.030679514902035,2.694124343049615,0.7843777349030555,0.8735182245867347,0.9057269637392216
finetune,12,-2.8463319860157315,0.9856667106788141,0.15345916384531694,0.08984106374411163,180.16014797196314,6.558327448362518,0.285022811840968,0.18767768920398512,98.12200421959352,18.709513708232027,0.9418185131101856,4.944556139029708,0.9607843137254902,0.30085920198972804,0.21289525363028194,135.71453127707204,26.631679725818273,0.5143897355094151,0.35527350529297896,113.97378803514628,42.35662564764925,6.6953930973863045,4.737822217819893,12.339327990658106,7.7221530766833855,0.05457740732673806,0.03769497225983826,4.986480073665173,3.020429118035292,0.8792594199755759,3.249261736869812,0.8953125,0.38694741596180937,0.211922649526241,98.91097343508882,17.739988204461905,0.5325886419727155,0.3624857240894926,175.15524112097788,44.71355131205695,8.611220932410168,4.716177651984383,11.441096061278222,6.486878252943869,0.056508334525285496,0.038460197877330536,4.775540512874843,2.66995743908696,0.8033588942065475,0.8792594199755759,0.9057269637392216
finetune,13,-2.89189851623136,0.9849918577527398,0.152599408555104,0.08912912751911979,185.98219945065063,6.455388871731888,0.2800617442295219,0.18462690214583677,98.97073813845485,18.363979954456415,0.9417257424742772,4.692066791010838,0.9647058823529412,0.35154592481796876,0.21476464897722883,133.25229741092406,26.25034402695259,0.5489602637683639,0.3851811795682628,117.65622399124386,44.3450272777942,7.8233876274154115,4.779424191831183,11.551041160243978,7.015687081179472,0.05824538448888076,0.04086821466425964,5.437561957058701,3.557997990931413,0.8746552634943079,3.6395002722740175,0.86875,0.4057007023404329,0.22543885018967558,94.46005575626069,18.47289517608978,0.668852633573156,0.4321604592007134,208.63775268003306,49.011962078674685,9.028561081364733,5.0169704348753585,11.889394707379086,6.2519389463498065,0.0709661179143328,0.04585277618137034,5.687511840853704,3.1338753930739673,0.7612946664086411,0.8746552634943079,0.9057269637392216
finetune,14,-2.9655441845124253,0.9871337822572364,0.14915800667535162,0.08657686849496067,179.90392139967793,6.171141728268052,0.2772440654683431,0.18175272362267447,94.17160777691046,18.173695218464218,0.9444935750428669,5.0432728645848295,0.9666666666666667,0.30818752168355806,0.19738846966156773,125.45013125550153,23.35879653639588,0.579731387791916,0.4024583800193653,143.34145936234606,47.135013037239275,6.858479287767096,4.3927305149231515,11.051549562372069,6.819163276065904,0.061510240013402086,0.04270134767876604,5.672625030474412,3.5622871553988,0.8778747757191192,3.6706095814704893,0.90390625,0.3997506768228469,0.21847701892875193,86.4551383419083,18.902034167872095,0.6501055120071277,0.42016454121021524,225.3369281261692,50.708653957051546,8.89614778133518,4.8620401662936175,11.681192629130404,6.319741391432881,0.06897702439383373,0.0445799939751368,5.601902987586852,2.959329540013038,0.7989206311170025,0.8778747757191192,0.9057269637392216
finetune,15,-2.947353686098254,0.9850945527632293,0.15304550976655137,0.08900089247224884,186.97656983030825,6.436358302840136,0.28304805315374915,0.18461921395657754,96.69632400443273,18.22819588415085,0.9414851964711992,4.337978559381821,0.9705882352941176,0.3152471184245941,0.19957587800956533,114.92262913535451,24.603127893092015,0.49571683636161007,0.3403843798756819,109.1287481856481,36.733340375657335,7.015585252875243,4.441409626805022,11.30666443663113,7.5528367808086685,0.052596188899524325,0.03611521705373182,4.764528369345251,2.915803217618774,0.8894918398154972,2.9196014046669005,0.90234375,0.3965418511262959,0.2094797967802151,95.55842590314334,16.17641584871906,0.5391197517282981,0.3555178254524435,179.35465959192442,42.04784310415145,8.824737801925155,4.661813818983751,11.217800536244505,5.825655639166259,0.057201293604402924,0.03772089494052321,4.679714086009964,2.4882859140189684,0.8087775897145406,0.8894918398154972,0.9057269637392216
finetune,16,-3.002108819215767,0.9852265892052873,0.14942593566664014,0.08698506832444283,183.03812058261144,6.240660712798135,0.27622747997985,0.1803672533625838,92.92042255793258,17.9059822801606,0.9426612476406383,4.506898824841368,0.9470588235294117,0.3402287842096932,0.21123647391796113,116.0927693534616,23.36948325221738,0.5435488395003326,0.36908758650716467,116.61547312810121,43.738524805840555,7.5715332563020254,4.700907334836401,10.91899590072665,7.188466501419544,0.0576712254687719,0.039160663904179896,5.145578479071396,2.7434664804967777,0.8586810611584091,3.5493141651153564,0.86875,0.3928425810176957,0.2170538498998212,91.02911755907104,17.582265183078828,0.611081714736439,0.40616465988114214,209.7739533068243,49.62641046357382,8.742413354520238,4.830368620169388,11.102637661971162,6.196300832574021,0.06483654970693276,0.04309458870151459,5.310591656992252,2.9315970794976356,0.7683575704245865,0.8586810611584091,0.9057269637392216
finetune,17,-2.900310692305807,0.9847277848686238,0.1535030586549622,0.09018088898907416,185.2896457042635,6.594122344277984,0.281145868293713,0.1832653668544711,94.87920600871009,18.121744427771873,0.9412628921737562,4.980054716970407,0.9549019607843138,0.4200430582686121,0.23551825615029562,123.37708325254532,23.318740044969402,0.4995180536446869,0.35591345549031506,116.72152993943511,47.07850689512873,9.347739322371526,5.241279961219159,11.865044133773434,7.547543136668464,0.0529995029038181,0.037762871792386764,5.040235637544779,3.4253973254324768,0.8629458495929838,3.654045820236206,0.84375,0.4664694117126174,0.2564581022645143,114.72292755844407,19.755781230955893,0.5957543473058947,0.39789622119205886,244.1335721532073,45.37980051773371,10.380922566660072,5.707280336830931,13.145005300003609,6.525165760265274,0.06321029646400023,0.04221729680562684,5.2359304547458105,2.956246157691119,0.7375276240981488,0.8629458495929838,0.9057269637392216
finetune,18,-3.0546214030861143,0.9866203072047885,0.15035697154085448,0.08713827592740828,178.87713820232398,6.232519222133374,0.2731193940753519,0.17748292348471775,91.02636063427482,17.397948330778714,0.9442726706431679,4.677658931881774,0.9549019607843138,0.3167473799655129,0.20782057094552062,128.50165007103428,26.15590645951115,0.5447220507146114,0.39194556565717886,129.70227887678098,47.94695697110268,7.048972434317295,4.624889007885575,11.439335580724554,7.566828581030305,0.057795704675687995,0.041585924660017,5.457277698799564,3.7452177171629755,0.8687550177163014,3.6062962293624876,0.8875,0.3803158845643408,0.20601311199898192,104.72446186198468,18.715102631333274,0.6079431552056129,0.4112540649863149,242.62373502183056,48.680153724069804,8.463641236492384,4.584665381436958,10.850629322769768,6.181965463400086,0.06450354453573999,0.043634581077530245,5.411803263576131,3.0688668631300566,0.7886740960230045,0.8687550177163014,0.9057269637392216
finetune,19,-2.9368292478608944,0.984742455584408,0.15412354141672371,0.09040692616465323,180.84535045852266,6.584425147492541,0.2796957217999562,0.18155981902165802,94.15700134415671,17.881783441615987,0.9413605292627399,5.161279685824526,0.9470588235294117,0.3185094932544264,0.20876540050787085,109.89987639834284,24.67156122829915,0.529843999898991,0.3623114838255752,120.33183939976671,43.22575974863824,7.088186927586499,4.645915472385014,11.475755060498063,7.822118140911355,0.056217124498951256,0.03844171076298888,5.1371192730009065,3.045396760799612,0.86222347421407,3.828691864013672,0.8734375,0.38145377659127266,0.2100169580662623,92.84218804913907,17.895264114124434,0.5980526317935284,0.40051610371629065,200.22896845396605,46.32492427178019,8.488964159548434,4.673767935537269,11.421387458045592,6.385480477492674,0.06345414738087375,0.04249526968455995,5.309997961114682,2.864696517967892,0.7754868591615198,0.86222347421407,0.9057269637392216
finetune,20,-2.9836287686794125,0.986062820004988,0.1546808232220701,0.0898650793011523,183.591039133714,6.383981749378434,0.273292186142893,0.17797164445504787,92.50648083297823,17.60522452678062,0.9432655190684917,4.823078048930449,0.9411764705882353,0.34064967861224127,0.21887608695702226,114.57276132187809,26.076429124866017,0.5813647099039982,0.41065050500956385,131.24135924085348,50.627238942197096,7.58089994164491,4.8709211222497535,11.322484175096418,7.864630654239692,0.061683537573701576,0.04357054259382171,5.758560394686314,3.7226792474324792,0.8489750317366114,3.612231159210205,0.86796875,0.40285715504159153,0.2305165833204228,88.08108186268856,19.705072760970687,0.6803941529013822,0.4459192783015169,236.4789194390682,46.85767727446722,8.965280095339239,5.1299715301688815,12.242271953703511,6.649265802353945,0.07219068784266196,0.04731260444496467,5.850595305828773,3.048877892114234,0.7596436192057026,0.8489750317366114,0.9057269637392216
finetune,21,-3.1091200266551353,0.9883514516673269,0.14587205228981823,0.08442024691226518,175.72082351918326,5.954774066014764,0.2644793680926294,0.1730518441924599,88.81633564755197,17.181873229854876,0.9473163096290821,4.9170940417869415,0.9529411764705882,0.269149144355206,0.18289998410196573,103.79158076508017,24.233050741141696,0.55553241493745,0.38729938992627844,137.10995045623756,44.28380743755983,5.989709842229796,4.070300269925519,9.757822308248372,7.432951635956105,0.05894269811434198,0.041092959486196345,5.4523018211405825,3.2953875586215693,0.8704730205413226,3.33897088766098,0.8765625,0.36999485366325313,0.19613063449760376,79.60595708122779,17.04873423811426,0.6082385115721246,0.4053808453230886,228.70678749901194,49.01805854182999,8.233954530564699,4.364738348425476,10.45944464214504,5.665969092675329,0.06453488222311761,0.043011424976715236,5.361431572380178,2.897890269118875,0.7787391634764622,0.8704730205413226,0.9057269637392216
finetune,22,-3.1238835011877586,0.9889969631618327,0.14501769686430932,0.08443843471223898,173.66132893305866,5.980853482730338,0.26104560437729196,0.17033945284858953,87.05776639315935,16.843004476026557,0.9483906330376726,5.393296840144139,0.9274509803921569,0.37573103515816303,0.22228869229335996,123.39833593609418,23.781517960254753,0.7253872369382387,0.483066013515653,139.96530790740786,55.408818353950196,8.361608894241717,4.946866062813012,12.28160037021248,7.706912553184614,0.07696451147258687,0.051253920452432475,6.873678306308548,3.9431378338699896,0.8173391531825167,4.298308849334717,0.85625,0.4107218876534492,0.22515652516995033,95.5763612717241,20.701623453752802,0.6583996944070636,0.43841973689013686,241.3561431267949,50.963238607735924,9.14030374791151,5.010687505931232,11.693831632147361,6.926277743823126,0.06985704773029332,0.046516893531395834,5.802420679021381,3.1490878723194236,0.7493378417939487,0.8173391531825167,0.9057269637392216
finetune,23,-3.0598942243620737,0.986781685078415,0.1482164445648341,0.08614867012055115,177.0252717818763,6.099332349054202,0.2718788734511432,0.1788382191744747,93.71730410572702,17.833454608921105,0.9447721532768173,4.383499586815928,0.9509803921568627,0.3351522943376772,0.20420830597754056,102.99918074555143,24.230482897886795,0.4817321328074699,0.3281292953578682,109.67167164566642,40.8362917132105,7.458559828787555,4.54450079382201,11.1431476851312,6.96310954766113,0.051112394007190164,0.03481493694823957,4.647232234012445,2.8920310223884576,0.869291949442348,3.3165188789367677,0.88828125,0.39985572940052105,0.2089358927052672,91.69765124781631,16.27657263796288,0.5956839582433857,0.3829727640164492,183.43924075586398,42.56091022645806,8.898485646684723,4.649709646783059,11.00380528190099,5.862346805636424,0.06320282809464775,0.04063389895615425,5.024172566044916,2.5130345392327165,0.7887272812356093,0.869291949442348,0.9057269637392216
finetune,24,-2.972947289357014,0.9848891627422502,0.15506831519031167,0.09035278947798486,182.4730927454446,6.4917759391488525,0.27519478167095757,0.17890499999143097,90.60353603495055,17.692900232404774,0.9418628530561233,4.5768181501650345,0.9529411764705882,0.3188113515828938,0.19743823116079118,125.49526958881593,21.69713752869428,0.5444475284363072,0.3657811303002139,125.43655212969372,42.151749822347924,7.094904555485007,4.39383791930438,10.706788944864867,6.488426841129524,0.05776657751165461,0.03880984468140504,5.2668088478211645,3.077125159584044,0.8666152884686681,3.6300517082214356,0.896875,0.38579899150771213,0.2094483730092179,93.53846685770199,17.938694856264398,0.597371753439155,0.390146696152442,200.13684118279406,46.49260194981259,8.585663618184844,4.66111450682033,11.101311440984794,6.36872712466263,0.06338190531863706,0.04139506231010941,5.164145898088291,2.779767302299283,0.7985579255053132,0.8666152884686681,0.9057269637392216
finetune,25,-3.1548737114574066,0.9883367809515426,0.1466908803368492,0.085247447717335,177.3715764207889,5.989767265815478,0.260987677421123,0.16998976022793993,88.25391251088595,16.673997351004356,0.9475689251757454,6.045284209531896,0.903921568627451,0.385968136961639,0.2440990065407081,135.60363716826285,29.608835147190746,0.6717851090265836,0.4494371579074319,149.99511436189542,49.4734943021302,8.589427821829561,5.43223804577967,13.147637437559192,8.456463585600504,0.07127725730193914,0.047685855960157356,6.270857178981541,3.6572088359893886,0.7981462440286287,4.747064828872681,0.83984375,0.4200805134297632,0.23867704225867784,106.77804374138528,20.784957631719184,0.7133125987250185,0.4637704414100881,262.36621706389116,56.678763474890516,9.348572858543177,5.3115763475896305,12.508622483536229,6.805507839722003,0.07568337695027126,0.04920663562983597,6.119984059072162,3.2908715808555042,0.7265044387845219,0.7981462440286287,0.9057269637392216
finetune,26,-3.1695450170812824,0.9875885744465472,0.1501198624393862,0.08657263416124271,179.18684038501937,6.06994690069475,0.26061662710418215,0.16810349551217788,86.39562225449122,16.302155348349878,0.9465149254921904,4.315672376109105,0.9490196078431372,0.31643388095931424,0.19913235742635294,102.82227111649307,22.792214113594046,0.4776054881980686,0.33748287404065624,101.17509623702021,43.18490559431718,7.041995751974663,4.431539412991551,10.601860794244526,6.8494404388378864,0.05067455174831044,0.03580736358215686,4.713079365803554,3.155864225953949,0.8696156709273989,3.133995258808136,0.8984375,0.3741868077244231,0.19434228018217253,75.38342616071185,16.921841927519132,0.5864350318723855,0.3835902193808579,205.47713942093043,44.485813905813906,8.327243285238309,4.324939881035976,10.361809696873824,6.039783243134282,0.06222150520455317,0.04069941175822452,5.033156900299133,2.8728087707355128,0.8023753160403191,0.8696156709273989,0.9057269637392216
finetune,27,-3.1805653624129353,0.9876912694570368,0.14844427572216404,0.08534432573164744,175.99984717086707,5.950134605289601,0.2611038881188988,0.16823472539231168,86.33834582245318,16.30555233971349,0.9467364530729305,5.200967908373066,0.9607843137254902,0.32830853970465573,0.20343538376995746,110.12031111665003,21.283755803865155,0.5995722912581855,0.4352880374665427,170.124602836678,54.19458533478165,7.306257265904,4.5272999969733725,11.36295137128414,7.09549328569469,0.06361538518924173,0.046184616226334255,6.143100276249628,4.285700859075392,0.8679962306292061,4.358815932273865,0.87734375,0.41941194707727675,0.23323633006930322,96.1836927738831,17.876531628068033,0.7584374407420191,0.49916168218951495,247.9401498703518,61.77987942312207,9.33369442201214,5.190497428956961,12.156081771607095,6.518080944117282,0.08047118027001977,0.05296169143767506,6.564110222551122,3.478787550764216,0.7595588112180703,0.8679962306292061,0.9057269637392216
finetune,28,-3.16826158135265,0.9880433666358581,0.14777858580631195,0.08577279563833329,174.48107085378882,6.121907292998316,0.2612455904220145,0.16855693552726134,86.06054578379319,16.424564644695206,0.9471409490130255,5.14481439964444,0.9509803921568627,0.3181767540601247,0.20238855229873284,91.66949607037532,22.010822557505993,0.570997826511586,0.3782523277544362,121.49142565986175,42.53053371242899,7.08078206946674,4.504003557442154,10.801853582602966,7.3579030424219525,0.06058359801706141,0.04013305464522209,5.207709216826574,2.9199499406154503,0.8620629340996916,3.7801544666290283,0.89296875,0.3949680213928605,0.21048209286691416,81.33950837397263,17.413479725814494,0.6661859987073279,0.42331682069452653,227.2947678483075,47.56519131146692,8.789713416219099,4.684119157348145,11.054720499959613,6.156831347987185,0.07068318455229777,0.044914454850901744,5.561080045148134,2.9267892308645704,0.7868533479899811,0.8620629340996916,0.9057269637392216
finetune,29,-3.179638842147902,0.9854319792262665,0.15108193213025248,0.08697686518580985,178.77568259198765,6.202152980979276,0.2633956840359064,0.16861072204622293,84.12869018856877,16.471035841467344,0.9439842176096506,4.706533493715174,0.9470588235294117,0.3380244659896789,0.21438052639839988,136.22347916693383,23.18417840836231,0.649314747558278,0.417020543257925,140.44263024946136,43.551951255783905,7.522477828058117,4.770875835504261,11.588786075807059,7.436315693305084,0.06889312327675247,0.044246411780486966,5.882155588424912,3.4328095660104037,0.848324902174616,4.026615405082703,0.87109375,0.3973144053991601,0.22441262477077545,96.61303545781618,19.65069123063917,0.6697167266138488,0.43475166674834326,216.26398968694403,50.564022457839684,8.841930410665997,4.994132567392411,12.31616399169117,6.612949700466546,0.07105779928857987,0.04612770660869518,5.725655605762876,2.90012451923167,0.7643906367986991,0.848324902174616,0.9057269637392216
