soc_flow_base_noise,soh_flow_base_noise
-1.2076788,-0.7408861
-0.10483062,-1.7637644
0.6665683,1.3406315
-2.9555433,-2.9274898
-0.29986262,-1.7202817
0.32970738,1.5851282
-0.378592,-0.78116536
-1.348987,-2.916284
-2.9688635,-2.97258
-0.2431047,-1.7704606
-0.8008716,-1.7435062
0.2748139,-0.43487978
-0.31318176,-2.5779214
-0.33324647,-1.0447313
-0.8614752,0.11496663
0.5740236,-0.18233669
0.8217025,0.22272766
1.0760765,1.8054395
0.2514056,0.9960152
0.023774385,-0.606328
-0.8479743,-1.9279262
1.8132772,2.1561446
-1.3043091,-0.56280994
0.33726335,-0.3924862
0.9620843,2.183926
0.8274975,0.2669602
0.89363384,-1.8466624
-0.7302139,-2.9013011
0.39615655,-0.9167454
-0.747988,-2.2951882
-0.5512943,-2.3282635
-1.6334918,-2.85893
0.15364647,-1.5116687
-0.75039935,-2.4262683
-2.8128972,-2.9462357
-2.074016,-2.9311674
2.7992826,-1.7388602
2.6616297,-1.9634736
2.0304816,2.6025403
-1.0588517,-2.4950407
-2.4359095,-1.9789612
-2.2169292,-2.7240894
0.9770253,0.61822003
1.0661176,-0.01698795
2.379019,1.7620761
1.9916747,1.863966
-0.8687309,-1.7708831
2.339065,0.6710291
0.7211437,-1.0410908
1.1223552,-1.2305187
2.2037988,-2.0828807
-1.3471643,-2.2414484
2.9962845,-1.525898
-0.30127573,-0.21799883
-0.74634814,-0.52807057
0.58199954,1.1635851
-0.56321263,-2.9952075
-1.3385162,-2.9951386
0.7446966,1.059661
-2.5533304,-2.3509035
2.9467776,0.83953875
-2.9007006,-2.623811
-0.7042067,-1.7669811
-1.6415172,-2.9556465
-2.9351027,-2.9595354
-2.9611309,-2.9901628
2.2643785,2.0672374
1.898107,2.759988
-0.82152486,-0.03235106
1.9845066,2.8008766
2.3304796,2.890707
-0.41746438,1.3104124
-1.1805984,-2.5143728
-1.953798,-2.5573127
2.5340445,1.5647972
0.097304106,2.797933
1.5297195,0.027768731
-2.8441007,2.957259
-1.0346794,-2.7068202
1.7804289,-2.491548
-0.15503937,-2.566857
-1.1636443,-2.9800737
-2.8909707,-2.022815
-2.9788616,-2.994182
-2.0552082,-2.8683753
2.4098082,2.8076432
-2.1814144,-2.8885884
-2.0740018,-2.476227
-1.5968301,-0.17528012
-2.97919,-2.9936287
-1.0371218,-2.78618
-2.9220178,-2.9696615
-2.8439775,-2.9735558
2.985839,2.4046288
-0.38710642,2.8485231
2.98755,1.2096609
-2.1799438,2.206297
1.0252368,-1.1359164
0.71235037,-0.05874777
-0.2143712,-1.1791205
-0.26636815,-0.3918568
-0.23574185,-0.5584229
-0.8288765,2.1851218
0.1728859,0.23849523
0.6427705,0.28173703
0.39042187,-1.2131848
-1.1224036,-0.36241007
0.10117555,-0.6977126
1.3048754,-0.53139716
0.24999237,-1.1651268
0.5874877,-2.4985871
-1.4691001,-0.22359884
-0.031808853,-1.6435963
0.91978526,0.06288208
0.21530652,-0.8165595
-0.144907,-2.7811801
-0.3448913,0.7642348
0.4450109,-0.8511135
0.00840044,-1.3036149
-0.09653187,-1.4800296
-0.82935786,-0.70228684
-1.4081947,2.984754
-0.7984483,-2.9922142
0.880779,-2.9787009
1.0657585,-1.4990611
-2.4604611,-2.991945
-0.8670609,-1.0679624
1.8234096,-0.6482792
-0.72082376,-1.223027
0.5681116,-1.322045
1.1008785,1.4742105
-2.85046,-2.8020346
0.17959166,-1.5496151
-1.0309122,1.1905341
-0.9623463,-0.48894358
-1.0655996,-2.9897106
-2.970924,-2.9600163
-0.250396,-2.4569051
-1.2558883,-2.3510497
0.346452,0.08121504
1.6282454,1.7283885
0.020634174,-0.9764266
-0.80387473,0.4333681
0.47210974,-0.37340468
0.2717495,0.26099443
-0.1812706,1.795538
0.9141325,0.9609318
0.27861667,0.3466643
-1.4075342,-2.61462
1.9151528,1.3389422
-1.4086475,-1.0941865
0.7236645,-0.4825933
1.4582942,2.5883863
1.3397698,1.1613573
0.90542483,-1.746021
-0.4788072,-2.8710058
0.28411436,-0.92865336
0.42587733,-1.869325
-0.3186195,-2.445085
-1.5563585,-2.9269125
0.4790821,-0.20316878
-0.6026449,-2.2229261
-2.8582036,-2.9665072
-1.8755932,-2.916635
2.638115,-1.6785219
2.8496294,0.032994986
1.9133198,2.764644
-1.0932283,-2.6014938
-2.4956627,-2.0412698
-2.8639631,-2.905848
1.0177662,-0.01768452
1.2457005,-0.14226878
2.645135,2.0091991
2.1283352,2.049651
-0.7359692,-1.3092363
2.6684382,0.8821963
0.9655628,-1.4053855
1.1938782,-1.4212017
0.8696716,-2.3376212
-1.33,-2.8221319
2.994902,-1.4099159
0.10883927,-0.08545655
-0.39414096,-0.70771515
1.1082959,1.1205382
-0.32960224,-2.9958315
-0.5629108,-2.9554987
0.8037162,1.004169
-2.59647,-2.0235708
2.9609385,1.4972932
-2.9767911,-2.779617
0.5437498,-0.8278577
-1.4385829,-2.9889915
-2.9544308,-2.9443636
-2.9540474,-2.9895494
2.562512,2.591951
1.3451233,2.1565742
-0.68412876,-0.76406085
1.7655963,2.7157576
2.56863,2.8926778
-0.40867424,1.000449
-1.4443954,-2.5323992
-2.3380356,-2.8271642
-1.2414554,-1.4183561
0.16278124,2.536108
1.8187214,0.5105387
-2.57865,2.956454
1.1531682,2.5064569
2.2977037,-2.1076207
-0.47935522,-2.4977942
-1.2266928,-2.9812658
-1.2515521,-0.59027016
-2.9796486,-2.9948568
-2.7587261,-2.8827705
2.5957499,2.7178633
-2.4172432,-2.9369733
-1.6965874,-2.6809726
-2.274151,-1.6632454
-2.9704978,-2.9934485
-0.71171474,-2.6864705
-2.803801,-2.9087062
-2.2703924,-2.9626591
2.9838922,0.9955456
0.7357543,2.7536333
2.9864507,0.31563413
-1.4820408,2.2823067
0.9961357,-1.2177268
-0.17194629,0.035538793
-1.2405485,-1.3975499
-1.0663493,-0.6409067
-0.5463662,-0.62804294
-0.0768671,-0.16520119
-1.48533,0.058598563
0.84202147,0.47723854
0.24361205,-1.2498996
-1.0960578,-0.5035765
0.97505593,-0.4674983
0.9195839,-0.6884694
0.3064909,-0.6371584
-0.051086664,-2.817588
-2.3360445,-0.8621818
-0.23982024,-1.6892573
0.71421695,0.31806612
-0.3509755,-0.7800365
0.2584498,-2.7769852
-1.270588,0.7059886
-0.21023512,-0.98112327
0.27402472,-1.1099489
0.17779732,-1.2240493
-0.99418736,-0.85873055
-1.0694622,2.9837584
-1.6519334,-2.9926832
0.4938414,-2.9754713
0.64081407,-1.4619039
-2.603527,-2.9927435
-1.6879655,-0.949321
2.5227492,1.2431892
-0.5825,0.5321528
-1.5838869,-2.4294522
2.1913912,1.9355409
-2.7130997,-2.77976
0.95120597,-1.4072816
-1.2247472,1.4282964
-0.46063566,-0.8138546
-0.56447136,-2.9920084
-2.9652174,-2.942962
0.072037935,-1.9262599
-0.23299861,-2.347641
-0.006848812,-0.22634685
-0.842013,-2.7407408
-0.22047186,-0.927094
-0.9288527,0.692521
-0.93296194,-1.0000976
0.7046294,0.20554447
-0.018727064,1.9867718
-0.20419753,1.2654846
0.0069823265,-0.67469656
0.35597897,-1.9720795
1.7328746,1.5261123
-0.9487872,-0.797757
0.9233229,-0.3859048
1.1976523,2.4359732
0.9754882,0.48598695
0.83212113,-1.6420525
-0.23195219,-2.9104676
0.15905404,-0.8364606
-0.42651033,-2.8798163
-0.51275826,-2.0619073
-1.4394886,-2.9234734
0.29211164,-0.80874395
-0.4453175,-2.5811214
-2.8691235,-2.9733088
-1.738247,-2.8479874
2.5795968,-1.601425
2.8890553,0.7337518
2.0044644,2.775321
-1.0897762,-2.6726403
-2.600197,-1.9599769
-2.6702018,-2.911848
0.44958305,0.5720652
1.0383241,-0.3333292
1.974704,2.3067713
1.4539163,1.5372882
-0.66517615,-1.8721728
2.0719614,2.9400623
0.12780905,-1.5867292
1.258398,-1.1673024
1.1118047,-2.2618914
-1.396822,-2.7257571
2.9933543,-1.2223074
0.028125525,-0.63572645
-0.7140168,-0.74809873
1.5425723,2.1157029
-0.7507174,-2.996661
-1.0969176,-2.9962604
0.46145606,1.320731
-2.3896718,-2.4234273
2.964574,1.3163587
-2.973959,-2.723885
0.6737273,-0.58414143
-1.3034616,-2.935088
-2.9828095,-2.9672263
-2.9372897,-2.9869719
2.672335,2.0447588
1.1241754,2.6096945
-1.8064628,-2.8432946
1.4237089,2.519094
1.4854434,2.8863418
-0.33882874,0.36748612
-1.2825083,-2.4501066
-1.7264811,-2.4116178
-1.0891721,0.06686628
-1.3079793,-1.6467459
2.535131,-0.20021975
-2.592395,2.944439
-0.35165596,-1.9711723
2.5238168,-2.2417598
-1.49419,-2.8478918
-1.2965245,-2.984155
1.6917635,0.6286343
-2.9747996,-2.994439
-2.5682895,-2.9732382
2.3458953,2.6499324
-1.782592,-2.7657597
-0.5911186,-2.1797695
0.36606002,-0.18633321
-2.9673576,-2.9894383
-0.08519775,-2.3289273
-2.823567,-2.9384382
-2.0449314,-2.49024
2.983082,1.6567688
0.8063888,2.7295032
2.9848018,0.03932929
-2.1671364,0.24347775
0.10636544,-1.0835478
-0.6642957,0.17334175
-1.3398349,-1.3675414
-1.2585574,-0.5775728
-1.0898607,-0.516207
0.35093856,0.25290152
-1.4748931,0.27799922
-0.5992842,0.1900608
-0.5979984,-1.4331521
-1.4831674,-0.58177686
-1.1956686,-0.6141654
-0.4621796,-0.8239502
-1.165981,-0.9688795
-0.3357339,-2.8425474
-1.8836818,0.01626563
-0.39490533,-1.6505165
0.04667163,0.45879793
-1.464049,-0.79852265
-0.5589993,-2.8998907
-0.76748395,0.60966074
-1.4623364,-0.84143764
-0.8080454,-1.1088815
-1.6513989,-1.2912046
-1.2006755,-0.7245147
-0.835011,2.9832728
-1.7850723,-2.9924195
0.6019156,-2.9758544
0.067564964,-1.3177375
-2.4846604,-2.9925852
-0.6767237,-1.3495517
2.4112742,0.010412812
-0.43712568,0.74933934
-1.2162789,-1.7146957
2.138403,2.2972178
-2.7305849,-2.8713698
0.10582614,-1.7315385
-1.2203203,0.7972958
-0.98195004,-0.9490689
-0.955897,-2.991479
-2.9415698,-2.9056199
0.025942564,-1.7462274
-0.001509428,-1.4968153
0.09596491,0.106435105
-0.3658321,-2.5138183
-0.20579386,-1.4039159
-1.1087185,0.36682928
-0.87021554,-1.1225729
0.11524129,0.14168799
-0.32010078,2.2178533
0.084599495,1.386783
0.20434213,-0.120601
0.2594204,-2.2689815
2.2712393,1.9516351
-1.3139671,-1.0970647
0.4924748,-0.491763
0.8963394,2.412748
0.9954839,0.55460995
0.7628565,-1.8021923
0.121325016,-2.8981955
0.08998752,-0.90969265
0.14922357,-1.8680066
0.014256716,-1.8180642
-1.1818845,-2.8859353
0.35618377,-0.8055861
-0.27003574,-2.060938
-2.897799,-2.97677
-1.5145389,-2.9269817
2.6270993,-1.5946096
2.7671432,-2.310672
1.5753665,2.536927
-0.9203814,-2.7068083
-2.5677311,-1.7695498
-2.839884,-2.9453475
0.056133628,-0.58982956
0.7210095,0.16155556
2.0465918,2.3993635
1.0832072,1.5531235
-0.8220293,-1.6993383
2.334815,2.923211
0.37787604,-1.0244836
1.3183668,-1.2890468
0.9475572,-2.2957118
-1.2408786,-2.6808982
2.9937212,-1.8396385
0.14828563,-0.58105516
-0.74584854,-1.0573809
1.3683324,2.6269064
0.13927865,-2.9763513
-1.0837499,-2.996061
0.43261218,-0.1465759
-2.4857574,-2.2395194
2.9640388,1.166264
-2.9829328,-2.5477502
0.63693404,-0.32235223
-1.5946311,-2.9946537
-2.9842055,-2.9606242
-2.9744484,-2.985728
2.8818905,2.6115224
0.25997514,2.6939814
-2.452939,2.7002227
1.9257722,2.7353194
2.0118194,2.8793304
0.33886474,1.6739135
-1.7489558,-2.7499676
-1.857729,-2.7993963
-1.484808,-1.114403
0.092203856,2.786603
2.373858,-0.10673523
-2.5673218,2.9593925
1.9791687,2.6853871
2.3224857,-1.6756057
1.0129509,-1.138587
-0.998839,-2.984396
1.6018043,1.420216
-2.9674435,-2.98441
-1.3672353,-2.4113686
2.475921,2.6587875
-1.5973456,-2.4496398
-2.7443876,-2.8585691
-2.030783,-0.28575772
-2.9471242,-2.9855566
-0.6392255,-2.5870569
-2.4553123,-2.6925561
-2.6356342,-2.970368
2.9824815,1.0600196
1.4777986,2.643706
2.9813373,0.75007343
-2.3697934,0.26291597
0.85339284,-1.4372663
-0.1063478,-0.11607528
-1.4256094,-1.6016532
-2.2158613,-0.5565468
-1.7653,-0.6690779
0.04729414,0.45376098
-1.7453479,0.08002171
0.6796193,0.2002509
-0.0010519028,-1.52744
-0.1537013,-0.65758514
-1.2077562,-0.6348082
-1.1992905,-0.73585826
-0.9495747,-0.8837298
-0.51210904,-2.9464653
-2.181252,-0.8369323
-0.034914732,-1.7430285
1.2847385,0.44598603
-1.2715663,-0.5948113
0.71061873,-2.9253006
-0.53893423,0.663543
-0.40324426,-0.5899601
0.058101654,-1.2263863
-0.11984682,-1.1104186
-1.0705655,-0.815334
-1.116357,2.9688213
-2.2425485,-2.9928768
-0.6467576,-2.9840612
-0.49626994,-1.5844605
-2.6185243,-2.992802
-1.2821009,-1.0562544
2.84283,2.3170767
0.28584933,0.020492673
-1.3805033,-1.7664413
1.6069758,2.1816165
-2.4274538,-2.9401689
-0.056548357,-1.9058669
-0.9651674,1.7187794
-0.9693296,-0.48377824
-0.5926857,-2.9931612
-0.6568709,-2.9166074
0.5506406,-1.2435546
-0.7715491,-2.0020976
0.33065033,-0.09429455
-0.14671898,-2.1449468
0.20937634,-1.0166637
-0.3036797,0.19874692
-0.14222199,-1.2274207
0.2861762,0.058716953
0.64579034,2.859872
1.3825383,2.1225677
-0.032516718,0.60393715
-0.14175367,-2.733377
2.1972191,1.4343467
-1.6112992,-1.414655
0.16844082,-0.5712913
0.605598,2.0366805
0.794193,0.6189634
0.6696379,-1.7460363
-0.29703355,-2.910894
0.0020170212,-0.784289
0.29032612,-1.9827963
-0.33570695,-2.5102744
-1.1219058,-2.8847368
0.3219614,-1.4269571
-0.1569655,-2.7395978
-2.9296124,-2.983795
-1.426442,-2.8814175
2.5416265,-1.4970604
2.8798308,-0.43795753
1.1948807,2.38454
-1.1757547,-2.8114414
-2.3508003,-1.8018242
-2.78622,-2.9621515
0.27074313,-0.34047017
-0.18566748,-0.9515097
1.5341799,2.4141304
0.33826995,0.7917707
-1.7247615,-1.9880819
2.4616492,2.8949766
1.1519457,2.9396856
1.0859882,-1.7584298
0.58314204,-2.2669687
-1.5772799,-2.9099817
2.9923203,-2.0496862
0.16899872,-0.77081335
-1.0165628,-1.0068483
1.2376559,2.2241378
-0.734313,-2.99688
-0.48170424,-2.9958105
1.4407079,1.171835
-2.4455614,-0.60035205
2.9589307,1.1059165
-2.9829712,-2.6011014
1.3981197,0.6148237
-1.856808,-2.9973314
-2.98519,-2.958646
-2.975586,-2.9856384
2.960543,2.7822695
0.24534476,2.7502832
-0.1358294,0.58772725
0.20469302,1.5887136
1.5998073,2.9319162
0.15146232,2.5127537
-2.0186315,-2.596389
-2.1480727,-2.9485924
-1.8700955,-1.1377145
0.18084335,2.8060331
2.021074,-0.42699873
0.49843863,2.929845
1.016783,2.8651047
2.2422915,-1.8507022
1.2762325,-0.51205933
-0.78802246,-2.9826314
-1.1946368,-1.4090173
-2.5817308,-2.9734144
-2.7528024,-1.1654375
1.3561593,2.7287216
-1.7973131,-2.9026327
-2.9749668,-2.8581362
0.13211411,-2.9374318
-1.1575513,-2.951095
-0.27782434,-2.412163
-0.766829,-2.7849967
-0.81889385,-1.8654257
2.9847574,0.92881924
2.1232991,2.643481
2.9780178,0.74676037
-2.3019972,0.071805
0.39187098,-1.6772197
-1.352507,-0.022019029
-0.6712055,-1.6889517
-1.0103139,-0.9623805
-1.852299,-0.692495
0.041587114,0.025746793
-0.84912515,-0.6084304
0.36425948,0.15472834
-0.24348545,-1.8828313
2.5204525,-0.06005895
-1.5003052,-1.923108
-0.55045503,-1.150559
-0.24170995,-1.0011349
-0.6774502,-2.9691694
-2.2076213,-1.1956487
0.9618068,-1.7474353
-1.0190428,0.22016662
-0.88157654,-1.1953712
1.0801144,-2.9818013
0.83837867,0.26112807
-1.563962,-2.0869322
0.15113068,-1.3342265
-1.823973,-2.738523
-0.45352077,-1.9142437
2.252859,2.9798756
-2.6173427,-2.993111
-1.2706991,-2.991202
1.5999212,-1.5241597
-0.79932666,-2.9924045
0.24397326,-1.6886709
2.9913278,2.9502833
0.4112394,1.5640332
-1.1281908,-1.1087689
1.1912612,1.8721821
-2.7671905,-2.8681152
0.12209296,-1.906264
-0.5378337,1.918985
-0.18768334,-1.4967335
-0.81103873,-2.9933062
0.37878978,-2.8968852
0.6703112,-1.0099286
-1.0634556,-2.3683553
0.33663487,-0.05892718
-0.211339,-2.34169
0.25295424,-0.76026714
-0.5488231,0.13996899
0.40320915,-0.692534
0.46084094,-0.0040308237
1.082396,2.8146834
1.9354033,1.8914986
0.8855715,1.4997563
0.8069302,-2.600707
2.2799172,1.9617537
-1.6900775,-1.202816
-0.10558295,-0.64612997
0.020086765,2.0382428
0.57760644,0.9130379
0.63920593,-1.7676232
-0.73807573,-2.9579463
-0.01567483,-0.72552246
0.0533185,-2.5575147
-0.51411223,-2.3411374
-1.3355253,-2.9328384
0.30627823,-1.5630815
-0.4573083,-2.362434
-2.9364972,-2.9847083
-1.4764528,-2.9085474
2.6122298,-1.4717127
2.9248607,-0.55488497
0.47485828,-2.825462
-1.0256093,-2.840042
-2.3736248,-1.9574051
-2.6974926,-2.9579237
-0.32000566,-0.5337205
-0.21217768,-0.74533355
0.7920177,2.225486
-1.410897,1.0883194
-1.4833059,-1.5266883
2.2240827,2.8811796
-0.38912988,-0.15289092
0.7782393,-2.1698058
0.54910827,-2.283999
-1.7335126,-2.9538667
2.9919505,-2.1988032
0.097337484,-1.8684846
-0.95991254,-1.5315938
1.6067765,2.048798
-0.40645856,-2.9970186
-0.56734157,-2.996521
1.7573607,1.8251994
-2.5536513,-0.87339133
2.9588027,1.1987638
-2.9827366,-2.6670082
0.83728695,-0.1866653
-1.6960796,-2.9972146
-2.9855947,-2.955793
-2.9423063,-2.978726
2.9645975,2.8637586
1.2561941,2.59024
-0.54262245,-0.83269215
0.47277492,2.3898985
1.5103948,2.9325922
0.37425756,2.1666572
-2.0941877,-2.5305161
-2.3423066,-2.9300635
-1.9940608,-0.8861706
0.37749958,2.9336805
1.6719186,-0.02491343
0.97729886,2.9406257
2.3621325,2.8383539
2.432583,-1.1845417
0.98184144,-1.6097267
-0.7945646,-2.9801388
-2.5564303,-1.2141447
-2.6270094,-2.9755154
-2.6011868,-1.2737472
-0.5858073,2.73961
-2.6058226,-2.912455
-2.9784865,-2.7242222
-0.21691245,-2.909432
-2.4039333,-2.9774592
-0.6896894,-2.6590235
-1.909253,-2.8731065
-2.7236264,-2.9770782
2.9823387,0.5985702
0.74263,2.7277956
2.9759593,1.6593729
-2.7945845,0.14685771
0.8496723,-1.631877
-0.08794451,0.059321523
-1.00156,-1.9260552
-1.2507699,-0.99578106
-1.8104525,-0.77615106
0.08409858,0.13435733
0.333771,-0.7601813
-0.13253689,0.01707369
-0.12446046,-1.7794881
1.0272443,-0.932252
0.18692541,-1.107656
-1.0187149,-0.8528563
0.7849126,-1.2823784
-0.6311126,-2.9930825
-2.1179512,-0.73153985
0.73584056,-1.9574445
0.9802251,0.46453202
1.6615539,-0.5196235
1.145426,-2.9168973
0.40926647,0.013219833
-0.7191162,-2.0328054
1.5925646,-1.4594893
-0.13551307,-2.0277596
-0.49517202,-2.3402677
-0.5223155,2.900635
-2.8443253,-2.9932778
-2.1334648,-2.9919422
-0.29618835,-2.137935
-2.0661094,-2.9931123
-0.047902346,-1.9883196
2.858889,0.68105245
0.27192307,1.6669152
-1.1004523,-0.8694755
1.0905218,1.7012478
-2.8520904,-2.5202847
0.0024414062,-1.9806378
-0.05349493,1.3232541
-1.1957889,-1.2792299
-1.1579695,-2.993196
-0.8367012,-2.8819788
1.0083115,-0.3270781
-1.6060107,-2.663263
0.25212336,-0.097896054
-0.64832735,-2.153667
-0.007634878,-1.3456253
-0.46602488,-0.006210804
0.5672942,-0.94607425
1.0762064,0.05793059
1.0173712,2.5492573
1.1541495,1.8058692
1.0424676,1.1088084
0.9667188,-2.48432
2.5358725,2.1817288
-1.5374796,-0.54381704
-0.48528552,-0.8176682
-0.16066241,1.7293712
0.7083566,0.40635747
0.60656095,-1.8117782
-0.40555406,-2.712406
-0.07277775,-0.6308925
-0.096066475,-1.877698
-0.38041377,-2.1752179
-1.084424,-2.903577
-0.049475193,-1.0584934
-0.6346588,-2.6962638
-2.9406092,-2.9847984
-1.5618827,-2.9445732
2.691377,-1.4580137
2.9322681,-0.18101776
1.156435,1.5418898
-1.2621592,-2.7358918
-2.447961,-1.9398968
-2.6303656,-2.9424937
-0.83830464,-0.65691864
0.5313668,-0.7250701
1.0730386,2.35295
-0.7233468,1.1028342
-1.511995,-1.3325942
2.3540845,2.9045143
-0.10373445,-2.4671967
0.98315704,-0.9082731
0.57361364,-2.27973
-1.846226,-2.9942207
2.9917371,-2.21907
0.020656347,-0.541993
-1.1095738,-1.1291283
1.4615483,2.0082731
-0.13357303,-2.9963412
-0.53708386,-2.9962041
1.6969812,2.3066754
-1.8176959,-0.98943704
2.9551642,1.5646015
-2.8234062,-2.6779373
0.3516667,-0.47873083
-1.8665118,-2.9978752
-2.9847648,-2.9429598
-2.8803377,-2.984164
2.9592166,2.8699234
0.92655885,2.5149384
-0.15687634,-0.7696644
0.07710108,-1.5870383
0.718915,2.9444406
0.93686247,2.7254727
-1.8796415,-2.4718235
-2.0901554,-2.9543316
-2.028405,-1.7412097
0.096052885,2.5552874
0.98093617,0.06418443
0.60406995,2.9449031
2.3550096,2.8420305
2.2915688,-1.3958542
1.4733334,-0.1400578
-0.6969211,-2.976582
-2.5816545,-1.3580348
-2.8977287,-2.9757524
-2.8451512,-1.841384
0.14708078,2.6505527
-2.1611586,-2.6431005
-2.9764147,-2.6511638
-1.4794581,-2.8838937
-2.7481263,-2.9822755
-0.5102146,-2.4877927
-0.53989935,-2.5170655
-2.8755448,-2.9879115
2.9785361,-0.12083483
1.5241232,0.42031133
2.9824116,2.5977564
-2.8515954,1.0906477
0.39173508,-1.4917452
0.812253,0.00049853325
-0.964488,-1.7855407
-1.3391682,-1.1317166
-2.1814504,-0.67352736
0.16249609,-0.06552665
0.04328084,-0.8488103
-0.035767555,0.12512755
-0.6905725,-1.7961886
0.33604264,-1.4335606
1.3983643,-0.67120886
-1.094553,-0.9377325
0.68711495,-1.4321501
-1.2493995,-2.9932761
-1.8258282,-1.0852828
0.6855123,-2.256965
2.0469384,0.8135883
0.19601703,-0.77694035
1.0045629,-2.957562
0.4230907,-0.047599196
0.59208775,-0.81545115
1.7523589,-1.1685002
0.30216908,-1.5335878
0.6561272,-2.043797
-0.83933425,2.9622316
-2.681151,-2.9932017
-2.0328913,-2.9902298
-0.77609134,-2.3527157
-2.4843216,-2.992369
-0.25005627,-1.9182525
2.0510066,-0.53192425
0.17753315,1.5928769
-0.86745644,-0.99140584
1.3055433,1.5465636
-2.7472754,-2.6875327
-0.6199548,-2.0958889
-0.25692487,1.296583
-1.4063102,-1.8735693
-1.1680132,-2.9928927
-0.40845442,-2.9020588
0.8734176,0.06982136
-1.5446612,-2.7197175
-0.15132809,-0.48698068
-0.5085474,-1.7209874
-0.057471037,-2.0839953
0.32098365,0.1748997
1.1337173,-0.5758615
0.29068017,-0.1478247
0.31808114,1.9936526
2.0173044,2.1720984
1.3059049,1.5436623
2.0969968,1.5349822
2.2380342,2.2745683
-0.7992101,-0.8844929
-0.5020392,-0.54723096
-0.28335404,1.7570324
0.3370695,0.424766
0.5719793,-1.9173552
-0.40490484,-2.913342
-0.10338068,-0.6383403
-0.5690472,-2.1039467
-0.59709954,-2.5558548
-1.4099153,-2.8586955
-0.2718537,-1.4501851
-0.8554102,-2.6697347
-2.9455016,-2.9852083
-1.7928299,-2.9380758
2.750002,-1.5025115
2.9399264,0.62068427
1.2077723,1.3815142
-1.6569327,-2.689449
-2.640811,-2.0915895
-2.670858,-2.9407456
-0.33756697,-0.95131236
0.11945897,-0.39568484
1.1466997,2.503242
0.14459497,1.1335108
-1.6839676,-1.4724483
2.1864667,2.9462817
0.25188553,-2.0020974
0.8834268,-1.0420961
0.6718435,-2.3315053
-1.7357699,-2.9940827
2.9923272,-2.2440424
-0.13410473,-0.27043205
-0.93900895,-1.6909226
1.4107621,1.9809195
1.3887302,-2.9384272
0.44309926,-2.9606931
2.6305597,1.8453525
-0.5018357,-2.2258086
2.9461105,1.3850261
-2.9793334,-2.5330677
0.29610395,-0.5759374
-1.3576566,-2.9960594
-2.9853144,-2.938101
-2.867965,-2.977885
2.9570758,2.5209904
1.0013164,2.7045739
-0.7129289,-2.2239904
0.39448187,1.9175662
2.2452612,2.930216
0.8243041,2.5214498
-1.610346,-1.8238865
-2.4066362,-2.932799
-1.9420506,-1.009026
-0.5911119,0.8928261
0.3783456,-0.8198699
0.6444845,2.9556792
2.392816,2.8436131
2.6121695,-1.7128483
2.05191,-0.04068029
-0.6785103,-2.9783986
-2.3852043,-1.136282
-2.9475992,-2.9773211
-2.7750394,-2.57231
-0.9818617,2.7417202
-2.3956437,-2.30489
-2.9702635,-2.5467548
-1.5919269,-2.9269514
-2.8892963,-2.9768703
-0.08841717,-2.1370404
-1.0142736,-2.3188186
-2.8967493,-2.9744241
2.9777524,0.97663987
0.78448534,2.7011735
2.9759154,2.4822764
-2.827636,0.6758807
1.0139353,-1.2817588
0.8330426,0.16537887
-1.4694753,-1.8755991
-1.0159411,-1.089257
-2.3473778,-0.6548126
0.17822385,-0.26611885
1.0195193,-0.5224639
0.11762786,0.24077308
-1.6949205,-1.7281232
0.1517179,-1.3451613
1.3948605,-0.44315827
-0.23724456,-0.7500412
0.06605387,-1.1024016
-1.4527136,-2.983466
-2.3763945,-1.4171046
0.6348202,-2.1318898
2.2830682,0.43127486
0.8769233,-0.55946255
0.002972126,-2.931949
1.3499699,0.45539024
1.2454011,-0.80894846
1.317035,-1.1533027
0.7114234,-1.2090561
2.072102,-0.8392248
1.987288,2.959054
-2.724079,-2.9935179
-1.0860393,-2.9844086
0.3507595,-1.5721489
-2.6422908,-2.992325
0.09630132,-1.6668272
2.1922133,-0.8818114
-0.5555792,0.7027985
-0.4008968,-1.030608
0.92354727,1.2057118
-2.535521,-2.7899423
-0.15251303,-1.5473323
0.0006301403,0.39072138
-0.22508645,-1.6876936
-1.3344853,-2.9924688
-0.32842875,-2.9532766
0.8164511,0.8825735
-1.6208489,-1.5480056
-0.486907,-0.66616106
-0.6242422,-1.3890221
-0.36762953,-2.4087873
1.6858051,0.13823795
0.9327759,-0.7691503
2.3590753,0.19622111
1.247683,1.2549298
0.020487785,0.61805093
1.7107389,2.036842
0.9213774,2.5861611
2.0517302,1.9026439
0.22131157,0.17872861
-0.28605914,-0.99276924
-0.06933808,1.9099703
0.34966135,1.3153237
0.39506102,-2.044712
-0.73608685,-2.780162
-0.36325932,-0.4945513
-0.3568442,-1.9443364
-0.8074137,-2.4946575
-1.2141895,-2.8725328
-0.9722625,-1.6462307
-1.2460753,-2.571047
-2.939623,-2.9728327
-1.905076,-2.9592745
2.8232992,-1.3246496
2.9169939,0.5881481
0.76007795,1.5578268
-1.5114127,-2.8985887
-2.7464695,-2.365623
-2.72856,-2.912824
0.19425696,-0.03377831
1.1669672,-0.0025559308
1.3808022,2.158207
0.9833434,1.1861775
0.15343487,-1.6474918
1.5358676,-0.681547
0.97874284,-1.0192308
1.1434679,-1.9827021
1.2699153,-2.324643
-0.81180155,-2.9389355
2.9927485,-1.9261959
0.46201468,1.2353642
-0.9281286,-1.933284
1.2001998,1.3248614
2.2522876,-2.8519387
1.3247375,-2.7237513
2.0672858,2.6636248
-0.95797503,-2.582047
2.935825,0.78730464
-2.969236,-2.0492897
-0.1754756,0.029983103
-1.0822417,-2.9769366
-2.9850583,-2.9177096
-2.7788074,-2.9789064
2.4171977,2.3625247
-1.1326718,-2.21972
0.103416264,-1.0615396
-0.5486561,-1.83212
-0.27987146,1.4223903
-0.60354203,1.1599499
-1.1196177,-0.47959137
-2.4310627,-2.758994
-1.2149216,-1.7785456
-0.14860678,2.2587268
0.8635123,-0.4143355
-1.9331725,2.2224345
2.5438423,2.857076
2.2917793,-0.55786335
1.5593896,-0.7687762
-0.58238673,-2.9558287
-1.7134752,0.371689
-2.9519656,-2.9763303
-2.881755,-2.8843722
-1.5192907,1.90676
-2.505832,-0.6261449
-2.967273,-2.0403724
-2.7048016,-2.960642
-2.956413,-2.9915226
0.14063692,-1.8710539
-1.5970693,-0.74606144
-2.834404,-2.9200535
2.9758248,2.130741
0.28106642,0.2864784
2.9673243,2.9255538
-2.8356414,0.88732016
1.8457601,-0.91245806
1.2143648,0.49218643
-1.4145771,-1.5000259
-1.2591838,-0.47525752
-2.5306442,-1.0552068
0.055880785,-0.26360187
0.29662275,0.122654706
-0.340209,0.2792261
-0.93243504,-1.7217481
-0.91753364,-2.2204347
1.2309859,-1.2836102
-1.7639321,-2.194332
-1.0090114,-1.0782886
-2.0169318,-2.962663
-2.5547523,-2.428446
-1.0282397,-2.767418
0.10193586,0.113821745
-0.20284677,-1.3799479
-1.7252418,-2.9654143
2.4693377,0.71642286
0.24283719,-1.0897255
-0.23749804,-2.4451773
-0.6371372,-1.9478238
2.384561,-1.1325305
1.6498864,2.7935727
-2.8220208,-2.993313
-1.413437,-2.97948
-1.1309191,-2.5510364
-2.7494092,-2.9922762
-1.1524699,-2.3883433
0.06690359,-0.24077427
-0.2657988,1.2942556
0.44150484,-0.24746597
0.6658652,0.7778101
-2.6076622,-2.9518216
2.489433,-0.7604686
-0.5974922,0.3459456
0.072481394,-0.9356687
-1.6143231,-2.9870617
-1.4487859,-2.9656298
0.87296677,2.306888
-2.0161989,-2.2716305
-0.28343606,-0.51570654
-0.9030547,-0.46822378
-0.5374403,-2.2927039
2.0957184,0.30665624
1.7640333,-0.53238285
2.4582472,0.36469805
0.4046111,1.444291
0.9266417,1.2835586
1.4683547,2.0839145
0.5401871,2.0596488
0.84944344,1.4478672
0.8618381,0.38311094
-0.10927534,-0.4398501
0.47008276,1.9162067
0.5406904,1.4580245
0.38736105,-1.6747766
-0.873924,-2.9625525
-0.48340273,-0.55582774
-1.442993,-2.116813
-0.09350681,-2.2795951
-1.4520559,-2.735748
-0.5615823,-2.0259867
-0.81294394,-2.7177722
-2.9392807,-2.9582515
-2.0546477,-2.8002791
2.7980082,-1.58267
2.8759649,0.5459044
0.9540155,2.1694643
-1.2702364,-2.7693186
-2.7184231,-2.6422703
-2.589172,-2.8528836
0.6340555,-0.39021957
1.3125644,-0.38121188
1.333076,2.181405
0.9249271,1.6268573
-0.9058356,-1.5928395
2.2464783,0.118962616
1.6002223,-1.5082576
1.2639883,-1.8233285
0.9711392,-2.3596797
-0.80803627,-2.4783754
2.994469,-1.7259023
-0.07476449,0.9336166
-0.39394903,-0.22779536
0.7700741,0.16284436
2.2666848,-1.168614
1.7709444,-0.7587428
0.712404,1.7565078
-2.4357228,-2.1661696
2.9637098,0.93825394
-2.9718347,-2.5980465
-0.3064313,-0.2397888
-0.6793263,-2.8741229
-2.8501706,-2.851893
-2.926049,-2.9875245
1.2885642,1.7317189
0.39218318,-0.4577495
-2.865611,-2.9739454
-1.4087296,-2.8943555
-0.62543225,-0.34276477
-0.17995158,1.2580354
-1.5950652,-2.2371979
-2.32782,-1.484154
-0.6354144,-0.7450236
0.33980012,2.332418
0.768649,-0.31531072
2.1587164,2.951937
-1.0012293,0.5541864
2.7356565,-0.24901485
2.383443,0.55186105
0.41566277,-2.6994662
-1.8703388,0.348579
-2.7103555,-2.9497952
-2.840202,-2.4449682
-2.1099546,1.228742
-0.98801255,0.7633896
-2.7428355,-2.4038017
-1.8469946,-2.9578753
-2.8950794,-2.9840822
0.5247146,-0.88131
-0.519855,1.0714556
-2.8356502,-2.5703306
2.9682598,2.948318
-0.41630912,-1.2348872
2.9606829,2.9384708
-2.4462318,2.1271167
1.7600687,-0.52504694
1.5806584,0.10272336
-1.8340917,-1.5973241
-1.7840754,-0.55647945
-2.618998,-0.85231376
0.73790383,-0.20801382
-0.8478942,0.029015064
0.2700553,0.43754822
-0.76038456,-1.6841195
-1.7778362,-2.1296
0.1986227,-1.465296
-1.6089516,-1.7749305
-2.032279,-1.308435
-1.1675509,-2.8185601
-2.7376916,-2.5324786
-1.7076317,-2.8688667
-0.33030748,-0.05007875
-0.89887404,-2.0344808
-1.9072866,-2.9634042
0.36892223,-0.5825318
-1.2479283,-2.3718328
-0.98906887,-2.4641623
-0.9438019,-2.4776099
0.62241817,-2.108368
0.67617464,2.7506871
-2.0986118,-2.992425
-2.1450977,-2.981463
-1.8881166,-2.8035102
-2.824654,-2.9902527
-1.7651095,-2.5738847
-0.76961565,-1.1512237
